Country,Measure,Unit of Measure,Year,Health Expenditure
Brazil,Expenditure,Percentage of GDP,2005,8.035
India,Expenditure,Percentage of GDP,2003,4.134
India,Expenditure,Percentage of GDP,2002,4.373
Belgium,Expenditure,Percentage of GDP,2013,10.575
India,Expenditure,Percentage of GDP,2009,3.594
India,Expenditure,Percentage of GDP,2008,3.625
India,Expenditure,Percentage of GDP,2007,3.628
India,Expenditure,Percentage of GDP,2006,3.749
India,Expenditure,Percentage of GDP,2005,3.91
India,Expenditure,Percentage of GDP,2018,2.86
India,Expenditure,Percentage of GDP,2017,2.936
Latvia,Expenditure,Percentage of GDP,2015,5.652
Latvia,Expenditure,Percentage of GDP,2014,5.463
China (People’s Republic of),Expenditure,Percentage of GDP,2007,3.68
China (People’s Republic of),Expenditure,Percentage of GDP,2006,3.95
China (People’s Republic of),Expenditure,Percentage of GDP,2005,4.184
China (People’s Republic of),Expenditure,Percentage of GDP,2004,4.281
China (People’s Republic of),Expenditure,Percentage of GDP,2017,5.047
China (People’s Republic of),Expenditure,Percentage of GDP,2016,4.977
China (People’s Republic of),Expenditure,Percentage of GDP,2015,4.961
China (People’s Republic of),Expenditure,Percentage of GDP,2003,4.409
China (People’s Republic of),Expenditure,Percentage of GDP,2002,4.369
China (People’s Republic of),Expenditure,Percentage of GDP,2001,4.235
China (People’s Republic of),Expenditure,Percentage of GDP,2000,4.487
China (People’s Republic of),Expenditure,Percentage of GDP,2014,4.8
India,Expenditure,Percentage of GDP,2004,4.081
India,Expenditure,Percentage of GDP,2021,3.282
India,Expenditure,Percentage of GDP,2020,2.955
India,Expenditure,Percentage of GDP,2019,2.904
India,Expenditure,Percentage of GDP,2014,3.62
India,Expenditure,Percentage of GDP,2013,3.749
India,Expenditure,Percentage of GDP,2012,3.329
India,Expenditure,Percentage of GDP,2001,4.396
India,Expenditure,Percentage of GDP,2000,4.161
Japan,Expenditure,Percentage of GDP,2008,8.089
Japan,Expenditure,Percentage of GDP,2003,7.487
Japan,Expenditure,Percentage of GDP,2002,7.352
Japan,Expenditure,Percentage of GDP,2001,7.239
Japan,Expenditure,Percentage of GDP,2000,7.035
Japan,Expenditure,Percentage of GDP,1999,6.865
Japan,Expenditure,Percentage of GDP,1998,6.509
Japan,Expenditure,Percentage of GDP,1997,6.289
Estonia,Expenditure,Percentage of GDP,2013,6.281
Estonia,Expenditure,Percentage of GDP,2012,6.095
Estonia,Expenditure,Percentage of GDP,2011,6.078
Estonia,Expenditure,Percentage of GDP,2023,7.559
Estonia,Expenditure,Percentage of GDP,2019,6.772
Estonia,Expenditure,Percentage of GDP,2017,6.597
Estonia,Expenditure,Percentage of GDP,2016,6.702
Estonia,Expenditure,Percentage of GDP,2003,5.139
Estonia,Expenditure,Percentage of GDP,2002,4.703
Estonia,Expenditure,Percentage of GDP,2001,4.781
Estonia,Expenditure,Percentage of GDP,2000,5.164
Estonia,Expenditure,Percentage of GDP,1999,5.674
Estonia,Expenditure,Percentage of GDP,2015,6.641
Estonia,Expenditure,Percentage of GDP,2014,6.362
Estonia,Expenditure,Percentage of GDP,2018,6.691
Estonia,Expenditure,Percentage of GDP,2010,6.594
Estonia,Expenditure,Percentage of GDP,2009,6.845
Estonia,Expenditure,Percentage of GDP,2008,5.957
Estonia,Expenditure,Percentage of GDP,2007,5.185
Estonia,Expenditure,Percentage of GDP,2006,4.974
Estonia,Expenditure,Percentage of GDP,2005,5.295
Estonia,Expenditure,Percentage of GDP,2004,5.338
Estonia,Expenditure,Percentage of GDP,2022,7.02
Estonia,Expenditure,Percentage of GDP,2021,7.545
Estonia,Expenditure,Percentage of GDP,2020,7.589
China (People’s Republic of),Expenditure,Percentage of GDP,2021,5.365
China (People’s Republic of),Expenditure,Percentage of GDP,2020,5.66
China (People’s Republic of),Expenditure,Percentage of GDP,2019,5.373
China (People’s Republic of),Expenditure,Percentage of GDP,2018,5.148
China (People’s Republic of),Expenditure,Percentage of GDP,2013,4.742
China (People’s Republic of),Expenditure,Percentage of GDP,2012,4.57
China (People’s Republic of),Expenditure,Percentage of GDP,2011,4.309
China (People’s Republic of),Expenditure,Percentage of GDP,2010,4.194
India,Expenditure,Percentage of GDP,2016,3.504
India,Expenditure,Percentage of GDP,2015,3.596
Israel,Expenditure,Percentage of GDP,1999,6.576
Israel,Expenditure,Percentage of GDP,1998,6.843
Israel,Expenditure,Percentage of GDP,1997,6.893
Israel,Expenditure,Percentage of GDP,1996,6.729
Israel,Expenditure,Percentage of GDP,1995,6.617
Israel,Expenditure,Percentage of GDP,1994,6.795
Israel,Expenditure,Percentage of GDP,1993,6.341
Israel,Expenditure,Percentage of GDP,1992,6.178
Israel,Expenditure,Percentage of GDP,2021,7.905
Israel,Expenditure,Percentage of GDP,1986,5.839
Israel,Expenditure,Percentage of GDP,1985,6.27
Israel,Expenditure,Percentage of GDP,1984,8.418
Israel,Expenditure,Percentage of GDP,1983,6.955
Israel,Expenditure,Percentage of GDP,1982,6.504
Israel,Expenditure,Percentage of GDP,1981,6.452
Israel,Expenditure,Percentage of GDP,1980,6.655
Israel,Expenditure,Percentage of GDP,2016,7.096
Israel,Expenditure,Percentage of GDP,2015,7.022
Israel,Expenditure,Percentage of GDP,2014,7.045
Israel,Expenditure,Percentage of GDP,2013,6.958
Israel,Expenditure,Percentage of GDP,2012,6.976
Israel,Expenditure,Percentage of GDP,2011,6.839
Israel,Expenditure,Percentage of GDP,2010,6.888
Israel,Expenditure,Percentage of GDP,2009,6.916
Israel,Expenditure,Percentage of GDP,2008,6.828
Israel,Expenditure,Percentage of GDP,2007,6.695
Israel,Expenditure,Percentage of GDP,2005,6.903
Israel,Expenditure,Percentage of GDP,2004,6.801
Israel,Expenditure,Percentage of GDP,2003,6.855
Israel,Expenditure,Percentage of GDP,2002,6.923
Israel,Expenditure,Percentage of GDP,2001,7.018
Israel,Expenditure,Percentage of GDP,2018,7.228
Israel,Expenditure,Percentage of GDP,2017,7.176
Israel,Expenditure,Percentage of GDP,1979,6.566
Israel,Expenditure,Percentage of GDP,1978,6.05
Israel,Expenditure,Percentage of GDP,1977,5.509
Israel,Expenditure,Percentage of GDP,1976,4.885
Israel,Expenditure,Percentage of GDP,1975,4.258
Israel,Expenditure,Percentage of GDP,1991,5.929
Israel,Expenditure,Percentage of GDP,1990,6.217
Israel,Expenditure,Percentage of GDP,1989,6.612
Israel,Expenditure,Percentage of GDP,1988,6.16
Israel,Expenditure,Percentage of GDP,1987,5.93
Japan,Expenditure,Percentage of GDP,1973,4.364
Japan,Expenditure,Percentage of GDP,1972,4.483
Japan,Expenditure,Percentage of GDP,1971,4.379
Japan,Expenditure,Percentage of GDP,2011,10.488
Japan,Expenditure,Percentage of GDP,1975,5.298
Japan,Expenditure,Percentage of GDP,1994,6.463
Japan,Expenditure,Percentage of GDP,1993,6.216
Japan,Expenditure,Percentage of GDP,1992,5.916
Japan,Expenditure,Percentage of GDP,1991,5.674
Japan,Expenditure,Percentage of GDP,1990,5.661
Japan,Expenditure,Percentage of GDP,1989,5.792
Japan,Expenditure,Percentage of GDP,1988,5.999
Japan,Expenditure,Percentage of GDP,1987,6.27
Japan,Expenditure,Percentage of GDP,1974,4.791
Japan,Expenditure,Percentage of GDP,1996,6.012
Japan,Expenditure,Percentage of GDP,1995,6.173
Japan,Expenditure,Percentage of GDP,2021,11.19
Japan,Expenditure,Percentage of GDP,2020,11.209
Japan,Expenditure,Percentage of GDP,2019,10.97
Japan,Expenditure,Percentage of GDP,2018,10.74
Japan,Expenditure,Percentage of GDP,2017,10.656
Japan,Expenditure,Percentage of GDP,2016,10.659
Japan,Expenditure,Percentage of GDP,2015,10.75
Japan,Expenditure,Percentage of GDP,1986,6.289
Japan,Expenditure,Percentage of GDP,1970,4.27
Japan,Expenditure,Percentage of GDP,2022,11.422
Japan,Expenditure,Percentage of GDP,1985,6.353
Japan,Expenditure,Percentage of GDP,1984,6.238
Japan,Expenditure,Percentage of GDP,1983,6.407
Japan,Expenditure,Percentage of GDP,1982,6.344
Japan,Expenditure,Percentage of GDP,1981,6.197
Japan,Expenditure,Percentage of GDP,1980,6.114
Japan,Expenditure,Percentage of GDP,1979,5.733
Japan,Expenditure,Percentage of GDP,1978,5.614
Japan,Expenditure,Percentage of GDP,1977,5.431
Japan,Expenditure,Percentage of GDP,1976,5.298
Japan,Expenditure,Percentage of GDP,2014,10.729
Japan,Expenditure,Percentage of GDP,2007,7.779
Japan,Expenditure,Percentage of GDP,2006,7.687
Japan,Expenditure,Percentage of GDP,2005,7.658
Japan,Expenditure,Percentage of GDP,2004,7.535
India,Expenditure,Percentage of GDP,2011,3.246
India,Expenditure,Percentage of GDP,2010,3.375
Japan,Expenditure,Percentage of GDP,2010,9.063
Japan,Expenditure,Percentage of GDP,2009,8.959
Indonesia,Expenditure,Percentage of GDP,2021,3.706
Indonesia,Expenditure,Percentage of GDP,2020,3.413
Indonesia,Expenditure,Percentage of GDP,2019,2.905
Indonesia,Expenditure,Percentage of GDP,2016,3.021
Indonesia,Expenditure,Percentage of GDP,2015,2.924
Indonesia,Expenditure,Percentage of GDP,2003,2.235
Indonesia,Expenditure,Percentage of GDP,2002,1.969
Indonesia,Expenditure,Percentage of GDP,2001,2.106
Indonesia,Expenditure,Percentage of GDP,2013,2.869
Indonesia,Expenditure,Percentage of GDP,2012,2.914
Indonesia,Expenditure,Percentage of GDP,2011,2.989
Austria,Expenditure,Percentage of GDP,1971,4.77
Austria,Expenditure,Percentage of GDP,2023,10.954
Austria,Expenditure,Percentage of GDP,2004,9.709
Austria,Expenditure,Percentage of GDP,1990,7.718
Austria,Expenditure,Percentage of GDP,1992,8.077
Austria,Expenditure,Percentage of GDP,2019,10.488
Austria,Expenditure,Percentage of GDP,2018,10.349
Austria,Expenditure,Percentage of GDP,2017,10.384
Austria,Expenditure,Percentage of GDP,2016,10.352
Austria,Expenditure,Percentage of GDP,2013,10.286
Austria,Expenditure,Percentage of GDP,2012,10.199
Austria,Expenditure,Percentage of GDP,1974,5.086
Austria,Expenditure,Percentage of GDP,1973,4.857
Austria,Expenditure,Percentage of GDP,1972,4.765
Austria,Expenditure,Percentage of GDP,1978,6.949
Austria,Expenditure,Percentage of GDP,1977,6.681
Austria,Expenditure,Percentage of GDP,1976,6.74
Austria,Expenditure,Percentage of GDP,1975,6.507
Austria,Expenditure,Percentage of GDP,2011,10.026
Austria,Expenditure,Percentage of GDP,2010,10.221
Austria,Expenditure,Percentage of GDP,2009,10.226
Austria,Expenditure,Percentage of GDP,2008,9.726
Austria,Expenditure,Percentage of GDP,2007,9.532
Austria,Expenditure,Percentage of GDP,2006,9.531
Austria,Expenditure,Percentage of GDP,2005,9.627
Austria,Expenditure,Percentage of GDP,2003,9.547
Austria,Expenditure,Percentage of GDP,2002,9.395
Austria,Expenditure,Percentage of GDP,2001,9.269
Austria,Expenditure,Percentage of GDP,2000,9.204
Austria,Expenditure,Percentage of GDP,1999,9.302
Austria,Expenditure,Percentage of GDP,1998,9.15
Austria,Expenditure,Percentage of GDP,1997,8.984
Austria,Expenditure,Percentage of GDP,1996,8.884
Austria,Expenditure,Percentage of GDP,1995,8.924
Austria,Expenditure,Percentage of GDP,1994,8.99
Austria,Expenditure,Percentage of GDP,1993,8.601
Austria,Expenditure,Percentage of GDP,2014,10.368
Austria,Expenditure,Percentage of GDP,2015,10.368
Austria,Expenditure,Percentage of GDP,1991,7.782
Austria,Expenditure,Percentage of GDP,1989,6.54
Austria,Expenditure,Percentage of GDP,1988,6.397
Austria,Expenditure,Percentage of GDP,1987,6.405
Austria,Expenditure,Percentage of GDP,2022,11.157
Austria,Expenditure,Percentage of GDP,2021,12.152
Austria,Expenditure,Percentage of GDP,2020,11.316
Austria,Expenditure,Percentage of GDP,1970,4.838
Austria,Expenditure,Percentage of GDP,1986,6.115
Austria,Expenditure,Percentage of GDP,1985,6.008
Austria,Expenditure,Percentage of GDP,1984,5.879
Austria,Expenditure,Percentage of GDP,1983,5.832
Austria,Expenditure,Percentage of GDP,1982,5.999
Austria,Expenditure,Percentage of GDP,1981,6.024
Austria,Expenditure,Percentage of GDP,1980,7.022
Austria,Expenditure,Percentage of GDP,1979,6.924
Slovak Republic,Expenditure,Percentage of GDP,2012,7.536
Slovak Republic,Expenditure,Percentage of GDP,2008,6.956
Slovak Republic,Expenditure,Percentage of GDP,2005,6.589
Slovak Republic,Expenditure,Percentage of GDP,2004,6.469
Slovak Republic,Expenditure,Percentage of GDP,2003,5.448
Slovak Republic,Expenditure,Percentage of GDP,2002,5.509
Slovak Republic,Expenditure,Percentage of GDP,2022,7.606
Slovak Republic,Expenditure,Percentage of GDP,2021,7.757
Slovak Republic,Expenditure,Percentage of GDP,2020,7.126
Slovak Republic,Expenditure,Percentage of GDP,2019,6.92
Slovak Republic,Expenditure,Percentage of GDP,2018,6.666
Slovak Republic,Expenditure,Percentage of GDP,2017,6.757
Slovak Republic,Expenditure,Percentage of GDP,1998,5.546
Slovak Republic,Expenditure,Percentage of GDP,1997,5.645
Slovak Republic,Expenditure,Percentage of GDP,2016,6.973
Slovak Republic,Expenditure,Percentage of GDP,2014,6.884
Slovak Republic,Expenditure,Percentage of GDP,2001,5.332
Slovak Republic,Expenditure,Percentage of GDP,2000,5.303
Slovak Republic,Expenditure,Percentage of GDP,1999,5.533
Slovak Republic,Expenditure,Percentage of GDP,2015,6.762
Slovak Republic,Expenditure,Percentage of GDP,2013,7.495
Slovak Republic,Expenditure,Percentage of GDP,2011,7.299
Slovak Republic,Expenditure,Percentage of GDP,2010,7.666
Slovak Republic,Expenditure,Percentage of GDP,2009,7.948
China (People’s Republic of),Expenditure,Percentage of GDP,2009,4.339
China (People’s Republic of),Expenditure,Percentage of GDP,2008,3.886
Israel,Expenditure,Percentage of GDP,2022,7.427
Israel,Expenditure,Percentage of GDP,2019,7.174
Israel,Expenditure,Percentage of GDP,2020,7.707
Israel,Expenditure,Percentage of GDP,2006,6.71
Israel,Expenditure,Percentage of GDP,2000,6.617
Australia,Expenditure,Percentage of GDP,1990,6.467
Australia,Expenditure,Percentage of GDP,1989,6.107
Australia,Expenditure,Percentage of GDP,1988,6.055
Australia,Expenditure,Percentage of GDP,1979,5.82
Australia,Expenditure,Percentage of GDP,1978,5.93
Australia,Expenditure,Percentage of GDP,1977,6.068
Australia,Expenditure,Percentage of GDP,1980,5.822
Australia,Expenditure,Percentage of GDP,2014,9.825
Australia,Expenditure,Percentage of GDP,1976,5.769
Australia,Expenditure,Percentage of GDP,1997,7.075
Australia,Expenditure,Percentage of GDP,1996,7.056
Australia,Expenditure,Percentage of GDP,1995,6.917
Australia,Expenditure,Percentage of GDP,1994,6.871
Australia,Expenditure,Percentage of GDP,1993,6.844
Australia,Expenditure,Percentage of GDP,1973,4.504
Australia,Expenditure,Percentage of GDP,2015,10.174
Spain,Expenditure,Percentage of GDP,2014,9.087
Spain,Expenditure,Percentage of GDP,2017,8.947
Spain,Expenditure,Percentage of GDP,2016,8.949
Spain,Expenditure,Percentage of GDP,2015,9.124
Spain,Expenditure,Percentage of GDP,2006,7.829
Spain,Expenditure,Percentage of GDP,2005,7.74
Spain,Expenditure,Percentage of GDP,2004,7.65
Spain,Expenditure,Percentage of GDP,2002,6.801
Spain,Expenditure,Percentage of GDP,2001,6.769
Spain,Expenditure,Percentage of GDP,2000,6.799
Spain,Expenditure,Percentage of GDP,1998,6.892
Spain,Expenditure,Percentage of GDP,1997,6.936
Spain,Expenditure,Percentage of GDP,1996,7.052
Spain,Expenditure,Percentage of GDP,1995,7.029
Spain,Expenditure,Percentage of GDP,1994,6.874
Spain,Expenditure,Percentage of GDP,1993,6.948
Spain,Expenditure,Percentage of GDP,1992,6.645
Spain,Expenditure,Percentage of GDP,1991,6.271
Spain,Expenditure,Percentage of GDP,1990,6.084
Spain,Expenditure,Percentage of GDP,1989,5.752
Spain,Expenditure,Percentage of GDP,1988,5.628
Luxembourg,Expenditure,Percentage of GDP,2012,5.294
Luxembourg,Expenditure,Percentage of GDP,2011,5.952
Luxembourg,Expenditure,Percentage of GDP,2000,5.925
Luxembourg,Expenditure,Percentage of GDP,1994,5.273
Luxembourg,Expenditure,Percentage of GDP,1992,5.344
Luxembourg,Expenditure,Percentage of GDP,1991,5.093
Luxembourg,Expenditure,Percentage of GDP,1990,5.308
Luxembourg,Expenditure,Percentage of GDP,1989,5.115
Luxembourg,Expenditure,Percentage of GDP,1988,5.251
Luxembourg,Expenditure,Percentage of GDP,1998,5.443
Luxembourg,Expenditure,Percentage of GDP,1997,5.294
Luxembourg,Expenditure,Percentage of GDP,1996,5.567
Luxembourg,Expenditure,Percentage of GDP,1995,5.519
Luxembourg,Expenditure,Percentage of GDP,1993,5.412
Luxembourg,Expenditure,Percentage of GDP,1983,4.718
Luxembourg,Expenditure,Percentage of GDP,1982,4.805
Luxembourg,Expenditure,Percentage of GDP,1981,4.931
Luxembourg,Expenditure,Percentage of GDP,2017,5.135
Luxembourg,Expenditure,Percentage of GDP,2016,5.071
Luxembourg,Expenditure,Percentage of GDP,2015,5.081
Luxembourg,Expenditure,Percentage of GDP,2014,5.23
Luxembourg,Expenditure,Percentage of GDP,2013,5.236
Luxembourg,Expenditure,Percentage of GDP,2010,6.662
Luxembourg,Expenditure,Percentage of GDP,2009,6.95
Luxembourg,Expenditure,Percentage of GDP,2008,6.231
Luxembourg,Expenditure,Percentage of GDP,2007,6.158
Luxembourg,Expenditure,Percentage of GDP,2006,6.638
Luxembourg,Expenditure,Percentage of GDP,2005,7.125
Luxembourg,Expenditure,Percentage of GDP,2004,7.28
Luxembourg,Expenditure,Percentage of GDP,2003,6.961
Luxembourg,Expenditure,Percentage of GDP,2002,6.76
Luxembourg,Expenditure,Percentage of GDP,2001,6.381
Luxembourg,Expenditure,Percentage of GDP,1999,5.613
Luxembourg,Expenditure,Percentage of GDP,2022,5.552
Luxembourg,Expenditure,Percentage of GDP,2021,5.661
Luxembourg,Expenditure,Percentage of GDP,2023,5.783
Luxembourg,Expenditure,Percentage of GDP,2020,5.765
Luxembourg,Expenditure,Percentage of GDP,1980,4.805
Luxembourg,Expenditure,Percentage of GDP,1979,4.704
Luxembourg,Expenditure,Percentage of GDP,1978,4.632
Luxembourg,Expenditure,Percentage of GDP,1977,4.389
Luxembourg,Expenditure,Percentage of GDP,2019,5.465
Luxembourg,Expenditure,Percentage of GDP,2018,5.28
Luxembourg,Expenditure,Percentage of GDP,1976,4.035
Luxembourg,Expenditure,Percentage of GDP,1987,5.072
Luxembourg,Expenditure,Percentage of GDP,1986,4.66
Luxembourg,Expenditure,Percentage of GDP,1985,4.69
Luxembourg,Expenditure,Percentage of GDP,1984,4.628
Japan,Expenditure,Percentage of GDP,2013,10.674
Japan,Expenditure,Percentage of GDP,2012,10.672
Indonesia,Expenditure,Percentage of GDP,2000,1.842
Indonesia,Expenditure,Percentage of GDP,2014,2.964
Indonesia,Expenditure,Percentage of GDP,2010,2.791
Indonesia,Expenditure,Percentage of GDP,2009,2.623
Indonesia,Expenditure,Percentage of GDP,2008,2.548
Indonesia,Expenditure,Percentage of GDP,2007,2.807
Indonesia,Expenditure,Percentage of GDP,2006,2.604
Indonesia,Expenditure,Percentage of GDP,2005,2.517
Indonesia,Expenditure,Percentage of GDP,2004,2.107
Switzerland,Expenditure,Percentage of GDP,1987,7.631
Switzerland,Expenditure,Percentage of GDP,2022,11.707
Switzerland,Expenditure,Percentage of GDP,2021,12.005
Switzerland,Expenditure,Percentage of GDP,2020,12.004
Switzerland,Expenditure,Percentage of GDP,2019,11.426
Switzerland,Expenditure,Percentage of GDP,2018,11.199
Ukraine,Expenditure,Percentage of GDP,2019,7.092
Ukraine,Expenditure,Percentage of GDP,2018,7.52
Ukraine,Expenditure,Percentage of GDP,2017,7.442
Ukraine,Expenditure,Percentage of GDP,2016,7.552
Ukraine,Expenditure,Percentage of GDP,2011,6.817
Ukraine,Expenditure,Percentage of GDP,2010,6.814
Ukraine,Expenditure,Percentage of GDP,2009,6.61
Ukraine,Expenditure,Percentage of GDP,2008,5.498
Ukraine,Expenditure,Percentage of GDP,2007,6.018
Ukraine,Expenditure,Percentage of GDP,2006,6.417
Ukraine,Expenditure,Percentage of GDP,2005,6.346
Ukraine,Expenditure,Percentage of GDP,2004,6.169
Ukraine,Expenditure,Percentage of GDP,2021,8.019
Ukraine,Expenditure,Percentage of GDP,2020,7.562
Ukraine,Expenditure,Percentage of GDP,2015,7.784
Ukraine,Expenditure,Percentage of GDP,2003,6.546
Ukraine,Expenditure,Percentage of GDP,2002,5.992
Ukraine,Expenditure,Percentage of GDP,2001,5.725
Ukraine,Expenditure,Percentage of GDP,2000,5.307
Ukraine,Expenditure,Percentage of GDP,2014,7.195
Ukraine,Expenditure,Percentage of GDP,2013,6.944
Ukraine,Expenditure,Percentage of GDP,2012,7.118
Australia,Expenditure,Percentage of GDP,2011,8.534
Australia,Expenditure,Percentage of GDP,2010,8.419
Spain,Expenditure,Percentage of GDP,2003,7.563
Spain,Expenditure,Percentage of GDP,1999,6.906
Australia,Expenditure,Percentage of GDP,2007,8.052
Australia,Expenditure,Percentage of GDP,2006,7.972
Australia,Expenditure,Percentage of GDP,2005,7.965
Australia,Expenditure,Percentage of GDP,2004,8.083
Australia,Expenditure,Percentage of GDP,2003,7.877
Australia,Expenditure,Percentage of GDP,2002,7.872
Australia,Expenditure,Percentage of GDP,2001,7.674
Australia,Expenditure,Percentage of GDP,2000,7.589
Australia,Expenditure,Percentage of GDP,2013,8.745
Australia,Expenditure,Percentage of GDP,2012,8.669
Australia,Expenditure,Percentage of GDP,1972,4.54
Australia,Expenditure,Percentage of GDP,2021,10.425
Australia,Expenditure,Percentage of GDP,2020,10.66
Australia,Expenditure,Percentage of GDP,2019,10.213
Australia,Expenditure,Percentage of GDP,2018,10.052
Australia,Expenditure,Percentage of GDP,2017,10.112
Australia,Expenditure,Percentage of GDP,2016,10.09
Australia,Expenditure,Percentage of GDP,1971,4.541
Australia,Expenditure,Percentage of GDP,1987,6.099
Australia,Expenditure,Percentage of GDP,1986,6.26
Australia,Expenditure,Percentage of GDP,1985,6.06
Australia,Expenditure,Percentage of GDP,1984,6.01
Australia,Expenditure,Percentage of GDP,1983,6.044
Australia,Expenditure,Percentage of GDP,1982,6.098
Australia,Expenditure,Percentage of GDP,1981,5.831
Australia,Expenditure,Percentage of GDP,1975,5.752
Australia,Expenditure,Percentage of GDP,1974,5.105
Australia,Expenditure,Percentage of GDP,2022,9.805
Australia,Expenditure,Percentage of GDP,1999,7.314
Australia,Expenditure,Percentage of GDP,1998,7.225
Australia,Expenditure,Percentage of GDP,2009,8.542
Australia,Expenditure,Percentage of GDP,2008,8.247
Spain,Expenditure,Percentage of GDP,1987,5.061
Spain,Expenditure,Percentage of GDP,2022,9.738
Spain,Expenditure,Percentage of GDP,2021,10.309
Spain,Expenditure,Percentage of GDP,2020,10.732
Spain,Expenditure,Percentage of GDP,2019,9.135
Spain,Expenditure,Percentage of GDP,2018,8.999
Spain,Expenditure,Percentage of GDP,2013,9.066
Spain,Expenditure,Percentage of GDP,2012,9.156
Spain,Expenditure,Percentage of GDP,1974,4.017
Spain,Expenditure,Percentage of GDP,1973,3.689
Spain,Expenditure,Percentage of GDP,1972,3.771
Spain,Expenditure,Percentage of GDP,1971,3.574
Spain,Expenditure,Percentage of GDP,1970,3.137
Spain,Expenditure,Percentage of GDP,1986,4.991
Spain,Expenditure,Percentage of GDP,1985,5.03
Spain,Expenditure,Percentage of GDP,1984,5.146
Spain,Expenditure,Percentage of GDP,1983,5.333
Slovak Republic,Expenditure,Percentage of GDP,2007,7.177
Slovak Republic,Expenditure,Percentage of GDP,2006,6.851
Spain,Expenditure,Percentage of GDP,1980,4.954
Spain,Expenditure,Percentage of GDP,1979,4.889
Spain,Expenditure,Percentage of GDP,1978,4.94
Spain,Expenditure,Percentage of GDP,1977,4.903
Spain,Expenditure,Percentage of GDP,1976,4.655
Spain,Expenditure,Percentage of GDP,1975,4.181
Spain,Expenditure,Percentage of GDP,2011,9.168
Spain,Expenditure,Percentage of GDP,2010,9.119
Spain,Expenditure,Percentage of GDP,2009,9.108
Spain,Expenditure,Percentage of GDP,2008,8.382
Spain,Expenditure,Percentage of GDP,2007,7.919
Australia,Expenditure,Percentage of GDP,1992,6.828
Australia,Expenditure,Percentage of GDP,1991,6.763
France,Expenditure,Percentage of GDP,2019,11.099
France,Expenditure,Percentage of GDP,2018,11.21
France,Expenditure,Percentage of GDP,2005,10.215
Chile,Expenditure,Percentage of GDP,2021,9.718
Chile,Expenditure,Percentage of GDP,2020,9.697
Chile,Expenditure,Percentage of GDP,2019,9.31
Chile,Expenditure,Percentage of GDP,2023,10.002
Chile,Expenditure,Percentage of GDP,2013,7.476
Chile,Expenditure,Percentage of GDP,2012,7.02
Chile,Expenditure,Percentage of GDP,2011,6.799
Chile,Expenditure,Percentage of GDP,2010,6.82
Chile,Expenditure,Percentage of GDP,2009,7.858
Chile,Expenditure,Percentage of GDP,2008,6.74
Chile,Expenditure,Percentage of GDP,2007,6.213
Chile,Expenditure,Percentage of GDP,2006,6.072
Chile,Expenditure,Percentage of GDP,2005,6.624
Chile,Expenditure,Percentage of GDP,2022,10.236
Chile,Expenditure,Percentage of GDP,2018,9.15
Chile,Expenditure,Percentage of GDP,2017,9.091
Chile,Expenditure,Percentage of GDP,2004,6.91
Chile,Expenditure,Percentage of GDP,2003,7.25
Chile,Expenditure,Percentage of GDP,2002,7.208
Chile,Expenditure,Percentage of GDP,2001,7.097
Chile,Expenditure,Percentage of GDP,2000,7
Chile,Expenditure,Percentage of GDP,2016,8.558
Chile,Expenditure,Percentage of GDP,2015,8.351
Chile,Expenditure,Percentage of GDP,2014,7.842
Argentina,Expenditure,Percentage of GDP,2005,7.611
Argentina,Expenditure,Percentage of GDP,2021,9.695
Argentina,Expenditure,Percentage of GDP,2020,9.984
Argentina,Expenditure,Percentage of GDP,2019,9.355
Argentina,Expenditure,Percentage of GDP,2015,10.229
Argentina,Expenditure,Percentage of GDP,2014,9.671
Argentina,Expenditure,Percentage of GDP,2013,9.781
Argentina,Expenditure,Percentage of GDP,2012,9.827
Argentina,Expenditure,Percentage of GDP,2011,9.418
Argentina,Expenditure,Percentage of GDP,2010,9.445
Argentina,Expenditure,Percentage of GDP,2009,9.456
Argentina,Expenditure,Percentage of GDP,2008,8.183
Argentina,Expenditure,Percentage of GDP,2007,7.835
Argentina,Expenditure,Percentage of GDP,2006,7.64
Argentina,Expenditure,Percentage of GDP,2018,9.534
Argentina,Expenditure,Percentage of GDP,2017,10.442
Argentina,Expenditure,Percentage of GDP,2004,7.229
Argentina,Expenditure,Percentage of GDP,2003,6.895
Argentina,Expenditure,Percentage of GDP,2002,7.393
Argentina,Expenditure,Percentage of GDP,2001,8.372
Argentina,Expenditure,Percentage of GDP,2000,8.22
Argentina,Expenditure,Percentage of GDP,2016,9.002
Switzerland,Expenditure,Percentage of GDP,1993,8.702
Switzerland,Expenditure,Percentage of GDP,1992,8.602
Switzerland,Expenditure,Percentage of GDP,1991,8.233
Switzerland,Expenditure,Percentage of GDP,1995,8.642
Switzerland,Expenditure,Percentage of GDP,2004,10.226
Switzerland,Expenditure,Percentage of GDP,2003,10.137
Switzerland,Expenditure,Percentage of GDP,2002,9.88
Switzerland,Expenditure,Percentage of GDP,2001,9.46
Switzerland,Expenditure,Percentage of GDP,2000,9.134
Switzerland,Expenditure,Percentage of GDP,1999,9.237
Switzerland,Expenditure,Percentage of GDP,1998,9.109
Switzerland,Expenditure,Percentage of GDP,1997,9.009
Switzerland,Expenditure,Percentage of GDP,1996,8.986
Switzerland,Expenditure,Percentage of GDP,1994,8.827
Switzerland,Expenditure,Percentage of GDP,2017,11.413
Switzerland,Expenditure,Percentage of GDP,2016,11.229
Switzerland,Expenditure,Percentage of GDP,2015,11.004
Switzerland,Expenditure,Percentage of GDP,1986,7.454
Switzerland,Expenditure,Percentage of GDP,1985,7.292
Switzerland,Expenditure,Percentage of GDP,1984,6.751
Switzerland,Expenditure,Percentage of GDP,1983,6.983
Switzerland,Expenditure,Percentage of GDP,1982,6.63
Switzerland,Expenditure,Percentage of GDP,1981,6.497
Switzerland,Expenditure,Percentage of GDP,1980,6.439
Switzerland,Expenditure,Percentage of GDP,1979,6.407
Switzerland,Expenditure,Percentage of GDP,1978,6.318
Switzerland,Expenditure,Percentage of GDP,1977,6.309
Switzerland,Expenditure,Percentage of GDP,1976,6.314
Indonesia,Expenditure,Percentage of GDP,2018,2.868
Indonesia,Expenditure,Percentage of GDP,2017,2.904
Switzerland,Expenditure,Percentage of GDP,2010,10.005
Switzerland,Expenditure,Percentage of GDP,2009,10.142
Switzerland,Expenditure,Percentage of GDP,2008,9.532
Switzerland,Expenditure,Percentage of GDP,2007,9.417
Switzerland,Expenditure,Percentage of GDP,2006,9.58
Switzerland,Expenditure,Percentage of GDP,2005,10.058
Switzerland,Expenditure,Percentage of GDP,2014,10.7
Switzerland,Expenditure,Percentage of GDP,2013,10.615
Switzerland,Expenditure,Percentage of GDP,2012,10.348
Switzerland,Expenditure,Percentage of GDP,1974,5.352
Switzerland,Expenditure,Percentage of GDP,1973,5.011
Switzerland,Expenditure,Percentage of GDP,1972,4.939
Switzerland,Expenditure,Percentage of GDP,1971,4.972
Switzerland,Expenditure,Percentage of GDP,1970,4.759
Switzerland,Expenditure,Percentage of GDP,1990,7.625
Switzerland,Expenditure,Percentage of GDP,1989,7.68
Switzerland,Expenditure,Percentage of GDP,1988,7.674
Sweden,Expenditure,Percentage of GDP,1980,7.725
Sweden,Expenditure,Percentage of GDP,1979,7.42
Sweden,Expenditure,Percentage of GDP,1978,7.529
Sweden,Expenditure,Percentage of GDP,1977,7.481
Sweden,Expenditure,Percentage of GDP,1976,6.734
Sweden,Expenditure,Percentage of GDP,1975,6.453
Sweden,Expenditure,Percentage of GDP,2010,8.32
Sweden,Expenditure,Percentage of GDP,2009,8.77
Sweden,Expenditure,Percentage of GDP,2008,8.208
Sweden,Expenditure,Percentage of GDP,2007,7.996
Sweden,Expenditure,Percentage of GDP,2006,8.052
Sweden,Expenditure,Percentage of GDP,2005,8.151
Sweden,Expenditure,Percentage of GDP,2004,8.13
Sweden,Expenditure,Percentage of GDP,2003,8.317
Sweden,Expenditure,Percentage of GDP,2002,8.21
Sweden,Expenditure,Percentage of GDP,1997,7.218
Sweden,Expenditure,Percentage of GDP,1996,7.402
Sweden,Expenditure,Percentage of GDP,1995,7.203
Sweden,Expenditure,Percentage of GDP,1994,7.282
Sweden,Expenditure,Percentage of GDP,1992,7.422
Sweden,Expenditure,Percentage of GDP,1991,7.142
Sweden,Expenditure,Percentage of GDP,1990,7.154
Sweden,Expenditure,Percentage of GDP,2001,7.9
Sweden,Expenditure,Percentage of GDP,2000,7.327
Sweden,Expenditure,Percentage of GDP,1999,7.327
Sweden,Expenditure,Percentage of GDP,1998,7.293
Sweden,Expenditure,Percentage of GDP,2014,10.948
Sweden,Expenditure,Percentage of GDP,2013,10.905
Sweden,Expenditure,Percentage of GDP,2012,10.735
Sweden,Expenditure,Percentage of GDP,1974,6.172
Sweden,Expenditure,Percentage of GDP,1973,5.935
Sweden,Expenditure,Percentage of GDP,1972,5.961
Sweden,Expenditure,Percentage of GDP,1971,5.861
Sweden,Expenditure,Percentage of GDP,1970,5.428
Sweden,Expenditure,Percentage of GDP,1986,7.021
Sweden,Expenditure,Percentage of GDP,1985,7.249
Sweden,Expenditure,Percentage of GDP,1984,7.636
Sweden,Expenditure,Percentage of GDP,1983,7.825
Sweden,Expenditure,Percentage of GDP,1982,7.913
Sweden,Expenditure,Percentage of GDP,1981,7.828
South Africa,Expenditure,Percentage of GDP,2021,8.251
South Africa,Expenditure,Percentage of GDP,2020,8.528
South Africa,Expenditure,Percentage of GDP,2019,8.23
South Africa,Expenditure,Percentage of GDP,2018,8.077
South Africa,Expenditure,Percentage of GDP,2013,8.103
South Africa,Expenditure,Percentage of GDP,2012,8.004
South Africa,Expenditure,Percentage of GDP,2011,7.944
South Africa,Expenditure,Percentage of GDP,2010,7.794
South Africa,Expenditure,Percentage of GDP,2009,7.649
South Africa,Expenditure,Percentage of GDP,2008,7.148
South Africa,Expenditure,Percentage of GDP,2007,6.905
South Africa,Expenditure,Percentage of GDP,2006,6.877
South Africa,Expenditure,Percentage of GDP,2005,6.862
South Africa,Expenditure,Percentage of GDP,2004,6.938
South Africa,Expenditure,Percentage of GDP,2017,7.977
South Africa,Expenditure,Percentage of GDP,2016,8.08
South Africa,Expenditure,Percentage of GDP,2015,8.053
South Africa,Expenditure,Percentage of GDP,2003,7.041
South Africa,Expenditure,Percentage of GDP,2002,6.678
South Africa,Expenditure,Percentage of GDP,2001,7.123
South Africa,Expenditure,Percentage of GDP,2000,7.337
South Africa,Expenditure,Percentage of GDP,2014,7.871
France,Expenditure,Percentage of GDP,2013,11.396
France,Expenditure,Percentage of GDP,2006,10.386
France,Expenditure,Percentage of GDP,2003,10.083
France,Expenditure,Percentage of GDP,1995,9.884
France,Expenditure,Percentage of GDP,2017,11.371
France,Expenditure,Percentage of GDP,2016,11.49
France,Expenditure,Percentage of GDP,2015,11.44
France,Expenditure,Percentage of GDP,2014,11.525
France,Expenditure,Percentage of GDP,2012,11.297
France,Expenditure,Percentage of GDP,2011,11.185
France,Expenditure,Percentage of GDP,2010,11.226
Spain,Expenditure,Percentage of GDP,1982,5.182
Spain,Expenditure,Percentage of GDP,1981,5.09
France,Expenditure,Percentage of GDP,2007,10.316
France,Expenditure,Percentage of GDP,2004,10.164
France,Expenditure,Percentage of GDP,1990,7.997
France,Expenditure,Percentage of GDP,1985,7.671
France,Expenditure,Percentage of GDP,1980,6.759
France,Expenditure,Percentage of GDP,1975,6.156
France,Expenditure,Percentage of GDP,1970,5.201
France,Expenditure,Percentage of GDP,2002,10.022
France,Expenditure,Percentage of GDP,2001,9.706
France,Expenditure,Percentage of GDP,2000,9.584
France,Expenditure,Percentage of GDP,1999,9.66
France,Expenditure,Percentage of GDP,1998,9.659
France,Expenditure,Percentage of GDP,1997,9.761
France,Expenditure,Percentage of GDP,1996,9.886
France,Expenditure,Percentage of GDP,1994,8.841
France,Expenditure,Percentage of GDP,1993,8.857
France,Expenditure,Percentage of GDP,1992,8.446
France,Expenditure,Percentage of GDP,1991,8.221
France,Expenditure,Percentage of GDP,2022,11.882
France,Expenditure,Percentage of GDP,2021,12.292
France,Expenditure,Percentage of GDP,2020,12.072
Norway,Expenditure,Percentage of GDP,1998,8.424
Norway,Expenditure,Percentage of GDP,1996,7.189
Norway,Expenditure,Percentage of GDP,1995,7.273
Norway,Expenditure,Percentage of GDP,1994,7.293
Norway,Expenditure,Percentage of GDP,1992,7.501
Norway,Expenditure,Percentage of GDP,1991,7.35
Norway,Expenditure,Percentage of GDP,1990,7.075
Norway,Expenditure,Percentage of GDP,1989,6.118
Norway,Expenditure,Percentage of GDP,1988,6.291
Norway,Expenditure,Percentage of GDP,1987,6.154
Norway,Expenditure,Percentage of GDP,2022,7.943
Norway,Expenditure,Percentage of GDP,2021,9.814
Norway,Expenditure,Percentage of GDP,2014,9.283
Norway,Expenditure,Percentage of GDP,1980,5.41
Norway,Expenditure,Percentage of GDP,1979,5.569
Norway,Expenditure,Percentage of GDP,1978,6.093
Norway,Expenditure,Percentage of GDP,1977,5.547
Norway,Expenditure,Percentage of GDP,1971,4.263
Norway,Expenditure,Percentage of GDP,1970,3.993
Norway,Expenditure,Percentage of GDP,1986,5.918
Norway,Expenditure,Percentage of GDP,1985,5.477
Norway,Expenditure,Percentage of GDP,1984,5.479
Norway,Expenditure,Percentage of GDP,1983,5.822
Norway,Expenditure,Percentage of GDP,1982,5.64
Norway,Expenditure,Percentage of GDP,1981,5.44
Norway,Expenditure,Percentage of GDP,1976,5.324
Norway,Expenditure,Percentage of GDP,1975,5.194
Norway,Expenditure,Percentage of GDP,2011,8.735
Norway,Expenditure,Percentage of GDP,2010,8.858
New Zealand,Expenditure,Percentage of GDP,2014,9.402
New Zealand,Expenditure,Percentage of GDP,2021,10.224
New Zealand,Expenditure,Percentage of GDP,2020,9.732
New Zealand,Expenditure,Percentage of GDP,2019,9.072
New Zealand,Expenditure,Percentage of GDP,2022,11.322
New Zealand,Expenditure,Percentage of GDP,2013,9.36
New Zealand,Expenditure,Percentage of GDP,2012,9.652
New Zealand,Expenditure,Percentage of GDP,2011,9.52
New Zealand,Expenditure,Percentage of GDP,2010,9.593
New Zealand,Expenditure,Percentage of GDP,2009,9.621
New Zealand,Expenditure,Percentage of GDP,2018,9.038
New Zealand,Expenditure,Percentage of GDP,2017,8.97
New Zealand,Expenditure,Percentage of GDP,2016,9.244
New Zealand,Expenditure,Percentage of GDP,2015,9.283
New Zealand,Expenditure,Percentage of GDP,1975,6.466
New Zealand,Expenditure,Percentage of GDP,2008,9.124
New Zealand,Expenditure,Percentage of GDP,2007,8.329
New Zealand,Expenditure,Percentage of GDP,2006,8.638
New Zealand,Expenditure,Percentage of GDP,2005,8.273
New Zealand,Expenditure,Percentage of GDP,2004,7.901
New Zealand,Expenditure,Percentage of GDP,2003,7.722
New Zealand,Expenditure,Percentage of GDP,2002,7.9
New Zealand,Expenditure,Percentage of GDP,2001,7.579
New Zealand,Expenditure,Percentage of GDP,2000,7.47
New Zealand,Expenditure,Percentage of GDP,1999,7.397
New Zealand,Expenditure,Percentage of GDP,1998,7.513
New Zealand,Expenditure,Percentage of GDP,1997,7.098
New Zealand,Expenditure,Percentage of GDP,1996,6.891
New Zealand,Expenditure,Percentage of GDP,1995,6.948
New Zealand,Expenditure,Percentage of GDP,1994,6.954
New Zealand,Expenditure,Percentage of GDP,1993,6.935
New Zealand,Expenditure,Percentage of GDP,1992,7.23
New Zealand,Expenditure,Percentage of GDP,1987,5.575
New Zealand,Expenditure,Percentage of GDP,1974,5.93
New Zealand,Expenditure,Percentage of GDP,1973,5.267
New Zealand,Expenditure,Percentage of GDP,1972,5.012
New Zealand,Expenditure,Percentage of GDP,1991,7.099
New Zealand,Expenditure,Percentage of GDP,1990,6.664
New Zealand,Expenditure,Percentage of GDP,1989,6.24
New Zealand,Expenditure,Percentage of GDP,1988,6.087
Switzerland,Expenditure,Percentage of GDP,1975,6.1
Switzerland,Expenditure,Percentage of GDP,2011,10.119
New Zealand,Expenditure,Percentage of GDP,1986,5.037
New Zealand,Expenditure,Percentage of GDP,1985,4.883
New Zealand,Expenditure,Percentage of GDP,1984,5.312
New Zealand,Expenditure,Percentage of GDP,1983,5.61
New Zealand,Expenditure,Percentage of GDP,1982,5.759
New Zealand,Expenditure,Percentage of GDP,1981,5.719
New Zealand,Expenditure,Percentage of GDP,1980,5.762
New Zealand,Expenditure,Percentage of GDP,1979,6.327
New Zealand,Expenditure,Percentage of GDP,1978,6.738
New Zealand,Expenditure,Percentage of GDP,1977,6.325
New Zealand,Expenditure,Percentage of GDP,1976,6.055
Sweden,Expenditure,Percentage of GDP,2015,10.804
Sweden,Expenditure,Percentage of GDP,2023,10.911
Sweden,Expenditure,Percentage of GDP,2011,10.416
Sweden,Expenditure,Percentage of GDP,1993,7.662
Sweden,Expenditure,Percentage of GDP,1989,7.074
Sweden,Expenditure,Percentage of GDP,1988,7.016
Sweden,Expenditure,Percentage of GDP,1987,7.098
Sweden,Expenditure,Percentage of GDP,2022,10.522
Sweden,Expenditure,Percentage of GDP,2021,11.102
Sweden,Expenditure,Percentage of GDP,2020,11.333
Sweden,Expenditure,Percentage of GDP,2019,10.832
Sweden,Expenditure,Percentage of GDP,2018,10.941
Sweden,Expenditure,Percentage of GDP,2017,10.785
Sweden,Expenditure,Percentage of GDP,2016,10.852
Portugal,Expenditure,Percentage of GDP,1985,5.368
Portugal,Expenditure,Percentage of GDP,1984,4.95
Portugal,Expenditure,Percentage of GDP,1983,4.824
Portugal,Expenditure,Percentage of GDP,1982,5.085
Portugal,Expenditure,Percentage of GDP,1981,5.024
Portugal,Expenditure,Percentage of GDP,1980,4.789
Portugal,Expenditure,Percentage of GDP,1979,4.095
Portugal,Expenditure,Percentage of GDP,1978,4.214
Portugal,Expenditure,Percentage of GDP,1977,4.086
Portugal,Expenditure,Percentage of GDP,1976,4.579
Portugal,Expenditure,Percentage of GDP,1975,4.731
Portugal,Expenditure,Percentage of GDP,2011,9.731
Portugal,Expenditure,Percentage of GDP,2010,10.033
Portugal,Expenditure,Percentage of GDP,2009,10.131
Portugal,Expenditure,Percentage of GDP,2008,9.583
Portugal,Expenditure,Percentage of GDP,2007,9.252
Portugal,Expenditure,Percentage of GDP,2006,9.354
Portugal,Expenditure,Percentage of GDP,2005,9.653
Portugal,Expenditure,Percentage of GDP,2004,9.533
Portugal,Expenditure,Percentage of GDP,2003,9.124
Portugal,Expenditure,Percentage of GDP,2002,8.786
Portugal,Expenditure,Percentage of GDP,2014,9.343
Portugal,Expenditure,Percentage of GDP,1994,6.427
Portugal,Expenditure,Percentage of GDP,1993,6.453
Portugal,Expenditure,Percentage of GDP,1992,6.187
Portugal,Expenditure,Percentage of GDP,1991,6.039
Portugal,Expenditure,Percentage of GDP,1990,5.516
Portugal,Expenditure,Percentage of GDP,1989,5.538
Portugal,Expenditure,Percentage of GDP,1988,6.009
Portugal,Expenditure,Percentage of GDP,1987,5.769
Portugal,Expenditure,Percentage of GDP,2022,10.469
Portugal,Expenditure,Percentage of GDP,2021,11.124
Portugal,Expenditure,Percentage of GDP,2020,10.548
Portugal,Expenditure,Percentage of GDP,2019,9.514
Portugal,Expenditure,Percentage of GDP,2018,9.413
Portugal,Expenditure,Percentage of GDP,2017,9.306
Portugal,Expenditure,Percentage of GDP,2016,9.394
Portugal,Expenditure,Percentage of GDP,2015,9.316
Portugal,Expenditure,Percentage of GDP,1970,2.261
Poland,Expenditure,Percentage of GDP,2012,6.265
Poland,Expenditure,Percentage of GDP,2011,6.287
Poland,Expenditure,Percentage of GDP,2002,6.067
Poland,Expenditure,Percentage of GDP,2010,6.468
Poland,Expenditure,Percentage of GDP,2022,6.381
Poland,Expenditure,Percentage of GDP,2021,6.439
Poland,Expenditure,Percentage of GDP,2020,6.497
Poland,Expenditure,Percentage of GDP,2019,6.46
Poland,Expenditure,Percentage of GDP,2018,6.313
Poland,Expenditure,Percentage of GDP,2017,6.583
Poland,Expenditure,Percentage of GDP,2016,6.571
Poland,Expenditure,Percentage of GDP,2015,6.404
Poland,Expenditure,Percentage of GDP,2014,6.319
Poland,Expenditure,Percentage of GDP,2013,6.48
Poland,Expenditure,Percentage of GDP,2009,6.588
Poland,Expenditure,Percentage of GDP,2008,6.376
Poland,Expenditure,Percentage of GDP,2007,5.873
Poland,Expenditure,Percentage of GDP,1994,4.999
Poland,Expenditure,Percentage of GDP,1993,5.116
Poland,Expenditure,Percentage of GDP,1992,5.017
Poland,Expenditure,Percentage of GDP,1991,4.79
Poland,Expenditure,Percentage of GDP,1990,4.328
Poland,Expenditure,Percentage of GDP,2006,5.803
Poland,Expenditure,Percentage of GDP,2005,5.807
Poland,Expenditure,Percentage of GDP,2004,5.868
Poland,Expenditure,Percentage of GDP,2003,5.954
France,Expenditure,Percentage of GDP,2009,11.288
France,Expenditure,Percentage of GDP,2008,10.501
Poland,Expenditure,Percentage of GDP,1999,5.456
Poland,Expenditure,Percentage of GDP,1998,5.022
Poland,Expenditure,Percentage of GDP,1997,5.099
Poland,Expenditure,Percentage of GDP,1996,5.234
Poland,Expenditure,Percentage of GDP,1995,4.918
Norway,Expenditure,Percentage of GDP,1972,4.637
Norway,Expenditure,Percentage of GDP,2001,8.01
Norway,Expenditure,Percentage of GDP,1997,7.743
Norway,Expenditure,Percentage of GDP,1993,7.38
Norway,Expenditure,Percentage of GDP,2020,11.424
Norway,Expenditure,Percentage of GDP,2019,10.438
Norway,Expenditure,Percentage of GDP,2018,9.96
Norway,Expenditure,Percentage of GDP,2017,10.23
Norway,Expenditure,Percentage of GDP,2016,10.53
Norway,Expenditure,Percentage of GDP,2015,10.07
Norway,Expenditure,Percentage of GDP,2013,8.874
Norway,Expenditure,Percentage of GDP,2012,8.722
Norway,Expenditure,Percentage of GDP,1974,4.788
Norway,Expenditure,Percentage of GDP,1973,4.788
Norway,Expenditure,Percentage of GDP,2009,9.033
Norway,Expenditure,Percentage of GDP,2008,7.915
Norway,Expenditure,Percentage of GDP,2007,8.017
Norway,Expenditure,Percentage of GDP,2006,7.882
Norway,Expenditure,Percentage of GDP,2005,8.299
Norway,Expenditure,Percentage of GDP,2004,8.796
Norway,Expenditure,Percentage of GDP,2003,9.194
Norway,Expenditure,Percentage of GDP,2002,8.983
Norway,Expenditure,Percentage of GDP,2000,7.703
Norway,Expenditure,Percentage of GDP,1999,8.43
Colombia,Expenditure,Percentage of GDP,2008,6.842
Colombia,Expenditure,Percentage of GDP,2007,6.491
Colombia,Expenditure,Percentage of GDP,2006,6.336
Colombia,Expenditure,Percentage of GDP,2005,6.067
Colombia,Expenditure,Percentage of GDP,2022,7.574
Colombia,Expenditure,Percentage of GDP,2021,9.017
Colombia,Expenditure,Percentage of GDP,2020,8.708
Costa Rica,Expenditure,Percentage of GDP,2021,7.569
Costa Rica,Expenditure,Percentage of GDP,2020,7.825
Costa Rica,Expenditure,Percentage of GDP,2022,7.168
Costa Rica,Expenditure,Percentage of GDP,2018,7.286
Costa Rica,Expenditure,Percentage of GDP,2014,7.662
Costa Rica,Expenditure,Percentage of GDP,2013,7.679
Costa Rica,Expenditure,Percentage of GDP,2012,7.782
Costa Rica,Expenditure,Percentage of GDP,2011,8.112
Costa Rica,Expenditure,Percentage of GDP,2010,8.029
Costa Rica,Expenditure,Percentage of GDP,2009,7.86
Costa Rica,Expenditure,Percentage of GDP,2008,7.469
Costa Rica,Expenditure,Percentage of GDP,2007,6.996
Costa Rica,Expenditure,Percentage of GDP,2006,6.935
Costa Rica,Expenditure,Percentage of GDP,2005,6.664
Costa Rica,Expenditure,Percentage of GDP,2019,7.221
Costa Rica,Expenditure,Percentage of GDP,2017,7.045
Costa Rica,Expenditure,Percentage of GDP,2004,6.63
Costa Rica,Expenditure,Percentage of GDP,2003,6.969
Costa Rica,Expenditure,Percentage of GDP,2002,6.869
Costa Rica,Expenditure,Percentage of GDP,2001,6.474
Costa Rica,Expenditure,Percentage of GDP,2000,6.565
Costa Rica,Expenditure,Percentage of GDP,2016,7.315
Costa Rica,Expenditure,Percentage of GDP,2015,7.592
Hungary,Expenditure,Percentage of GDP,2011,7.481
Hungary,Expenditure,Percentage of GDP,2023,6.362
Hungary,Expenditure,Percentage of GDP,2003,8.121
Hungary,Expenditure,Percentage of GDP,1998,6.675
Hungary,Expenditure,Percentage of GDP,2021,7.382
Hungary,Expenditure,Percentage of GDP,2020,7.285
Hungary,Expenditure,Percentage of GDP,2019,6.282
Hungary,Expenditure,Percentage of GDP,2018,6.58
Hungary,Expenditure,Percentage of GDP,2017,6.744
Hungary,Expenditure,Percentage of GDP,2016,6.988
Hungary,Expenditure,Percentage of GDP,2015,6.854
Hungary,Expenditure,Percentage of GDP,2014,7.047
Hungary,Expenditure,Percentage of GDP,2013,7.234
Hungary,Expenditure,Percentage of GDP,2012,7.411
Hungary,Expenditure,Percentage of GDP,2010,7.449
Hungary,Expenditure,Percentage of GDP,2009,7.222
Hungary,Expenditure,Percentage of GDP,2008,7.088
Hungary,Expenditure,Percentage of GDP,1995,6.725
Hungary,Expenditure,Percentage of GDP,1994,7.385
Hungary,Expenditure,Percentage of GDP,1993,6.91
Hungary,Expenditure,Percentage of GDP,1992,6.845
Hungary,Expenditure,Percentage of GDP,1991,6.357
Hungary,Expenditure,Percentage of GDP,2007,7.204
Hungary,Expenditure,Percentage of GDP,2006,7.778
Hungary,Expenditure,Percentage of GDP,2005,7.985
Hungary,Expenditure,Percentage of GDP,2004,7.758
Hungary,Expenditure,Percentage of GDP,2002,7.121
Hungary,Expenditure,Percentage of GDP,2001,6.826
Hungary,Expenditure,Percentage of GDP,2000,6.778
Hungary,Expenditure,Percentage of GDP,1999,6.884
Hungary,Expenditure,Percentage of GDP,1997,6.304
New Zealand,Expenditure,Percentage of GDP,1971,5.007
New Zealand,Expenditure,Percentage of GDP,1970,5.073
Romania,Expenditure,Percentage of GDP,2012,4.509
Romania,Expenditure,Percentage of GDP,2010,5.64
Romania,Expenditure,Percentage of GDP,2009,5.278
Romania,Expenditure,Percentage of GDP,2011,4.475
Romania,Expenditure,Percentage of GDP,2007,5.023
Romania,Expenditure,Percentage of GDP,2006,5.071
Romania,Expenditure,Percentage of GDP,2005,5.528
Romania,Expenditure,Percentage of GDP,2019,5.714
Romania,Expenditure,Percentage of GDP,2018,5.518
Romania,Expenditure,Percentage of GDP,2017,5.189
Romania,Expenditure,Percentage of GDP,2016,5.08
Romania,Expenditure,Percentage of GDP,2015,4.943
Romania,Expenditure,Percentage of GDP,2014,5.028
Romania,Expenditure,Percentage of GDP,2013,5.224
Romania,Expenditure,Percentage of GDP,2021,6.47
Romania,Expenditure,Percentage of GDP,2022,5.749
Romania,Expenditure,Percentage of GDP,2020,6.226
Romania,Expenditure,Percentage of GDP,2008,5.023
Portugal,Expenditure,Percentage of GDP,1971,2.422
Portugal,Expenditure,Percentage of GDP,2023,10.003
Portugal,Expenditure,Percentage of GDP,2000,8.601
Portugal,Expenditure,Percentage of GDP,1995,7.2
Portugal,Expenditure,Percentage of GDP,2001,8.628
Portugal,Expenditure,Percentage of GDP,1999,7.622
Portugal,Expenditure,Percentage of GDP,1998,7.383
Portugal,Expenditure,Percentage of GDP,1997,7.414
Portugal,Expenditure,Percentage of GDP,1996,7.452
Portugal,Expenditure,Percentage of GDP,2013,9.405
Portugal,Expenditure,Percentage of GDP,2012,9.654
Portugal,Expenditure,Percentage of GDP,1974,3.456
Portugal,Expenditure,Percentage of GDP,1973,3.232
Portugal,Expenditure,Percentage of GDP,1972,2.988
Portugal,Expenditure,Percentage of GDP,1986,5.932
Greece,Expenditure,Percentage of GDP,1990,6.07
Greece,Expenditure,Percentage of GDP,1989,6.013
Greece,Expenditure,Percentage of GDP,1988,5.484
Greece,Expenditure,Percentage of GDP,2004,8.094
Greece,Expenditure,Percentage of GDP,2006,8.259
Greece,Expenditure,Percentage of GDP,2005,8.565
Greece,Expenditure,Percentage of GDP,2007,8.398
Greece,Expenditure,Percentage of GDP,2001,7.988
Greece,Expenditure,Percentage of GDP,2000,7.243
Greece,Expenditure,Percentage of GDP,1999,7.762
Greece,Expenditure,Percentage of GDP,1998,7.578
Greece,Expenditure,Percentage of GDP,1997,7.694
Greece,Expenditure,Percentage of GDP,1996,7.878
Greece,Expenditure,Percentage of GDP,1995,7.974
Greece,Expenditure,Percentage of GDP,1994,7.978
Greece,Expenditure,Percentage of GDP,1993,7.271
Greece,Expenditure,Percentage of GDP,2022,8.5
Greece,Expenditure,Percentage of GDP,2021,9.185
Greece,Expenditure,Percentage of GDP,2020,9.524
Greece,Expenditure,Percentage of GDP,2019,8.198
Greece,Expenditure,Percentage of GDP,2018,8.12
Greece,Expenditure,Percentage of GDP,2017,8.135
Greece,Expenditure,Percentage of GDP,2016,8.449
Greece,Expenditure,Percentage of GDP,2015,8.22
Greece,Expenditure,Percentage of GDP,2014,7.891
Greece,Expenditure,Percentage of GDP,2013,8.438
Greece,Expenditure,Percentage of GDP,2012,8.924
Germany,Expenditure,Percentage of GDP,2010,11.096
Germany,Expenditure,Percentage of GDP,2009,11.238
Germany,Expenditure,Percentage of GDP,2023,11.799
Germany,Expenditure,Percentage of GDP,1992,8.994
Germany,Expenditure,Percentage of GDP,1982,8.228
Germany,Expenditure,Percentage of GDP,1981,8.397
Germany,Expenditure,Percentage of GDP,1980,8.098
Germany,Expenditure,Percentage of GDP,1979,7.899
Germany,Expenditure,Percentage of GDP,1978,8.046
Germany,Expenditure,Percentage of GDP,1977,7.971
Germany,Expenditure,Percentage of GDP,1976,8.038
Germany,Expenditure,Percentage of GDP,1975,8.017
Germany,Expenditure,Percentage of GDP,2012,10.853
Germany,Expenditure,Percentage of GDP,2011,10.778
Germany,Expenditure,Percentage of GDP,1990,8.031
Germany,Expenditure,Percentage of GDP,1989,8.063
Germany,Expenditure,Percentage of GDP,1988,8.66
Germany,Expenditure,Percentage of GDP,1987,8.48
Germany,Expenditure,Percentage of GDP,2022,12.605
Germany,Expenditure,Percentage of GDP,2021,12.902
Germany,Expenditure,Percentage of GDP,2020,12.69
Germany,Expenditure,Percentage of GDP,2019,11.716
Germany,Expenditure,Percentage of GDP,2018,11.473
Germany,Expenditure,Percentage of GDP,2017,11.326
Germany,Expenditure,Percentage of GDP,2016,11.242
Germany,Expenditure,Percentage of GDP,2014,11.026
Germany,Expenditure,Percentage of GDP,2013,10.999
Germany,Expenditure,Percentage of GDP,1974,7.353
Germany,Expenditure,Percentage of GDP,1973,6.828
Germany,Expenditure,Percentage of GDP,1972,6.509
Germany,Expenditure,Percentage of GDP,1971,6.185
Poland,Expenditure,Percentage of GDP,2001,5.667
Poland,Expenditure,Percentage of GDP,2000,5.288
Germany,Expenditure,Percentage of GDP,1985,8.481
Germany,Expenditure,Percentage of GDP,1984,8.336
Germany,Expenditure,Percentage of GDP,1983,8.22
Germany,Expenditure,Percentage of GDP,2015,11.19
Germany,Expenditure,Percentage of GDP,2008,10.251
Germany,Expenditure,Percentage of GDP,2007,10.051
Germany,Expenditure,Percentage of GDP,2006,10.18
Germany,Expenditure,Percentage of GDP,2005,10.312
Germany,Expenditure,Percentage of GDP,2004,10.146
Germany,Expenditure,Percentage of GDP,2003,10.402
Germany,Expenditure,Percentage of GDP,2002,10.184
Germany,Expenditure,Percentage of GDP,2001,9.921
Germany,Expenditure,Percentage of GDP,2000,9.888
Germany,Expenditure,Percentage of GDP,1999,9.807
Germany,Expenditure,Percentage of GDP,1998,9.729
Germany,Expenditure,Percentage of GDP,1997,9.717
Germany,Expenditure,Percentage of GDP,1996,9.825
Germany,Expenditure,Percentage of GDP,1995,9.531
Germany,Expenditure,Percentage of GDP,1994,9.238
Germany,Expenditure,Percentage of GDP,1993,8.987
Colombia,Expenditure,Percentage of GDP,2013,7.017
Colombia,Expenditure,Percentage of GDP,2012,6.746
Colombia,Expenditure,Percentage of GDP,2011,6.781
Colombia,Expenditure,Percentage of GDP,2023,7.692
Colombia,Expenditure,Percentage of GDP,2018,7.625
Colombia,Expenditure,Percentage of GDP,2017,7.679
Colombia,Expenditure,Percentage of GDP,2004,5.799
Colombia,Expenditure,Percentage of GDP,2003,5.775
Colombia,Expenditure,Percentage of GDP,2002,5.733
Colombia,Expenditure,Percentage of GDP,2001,5.942
Colombia,Expenditure,Percentage of GDP,2000,5.635
Colombia,Expenditure,Percentage of GDP,2016,7.531
Colombia,Expenditure,Percentage of GDP,2015,7.523
Colombia,Expenditure,Percentage of GDP,2014,7.186
Colombia,Expenditure,Percentage of GDP,2019,7.78
Colombia,Expenditure,Percentage of GDP,2010,7.071
Colombia,Expenditure,Percentage of GDP,2009,7.311
Korea,Expenditure,Percentage of GDP,1978,2.399
Korea,Expenditure,Percentage of GDP,1977,2.215
Korea,Expenditure,Percentage of GDP,1976,2.338
Korea,Expenditure,Percentage of GDP,1975,2.32
Korea,Expenditure,Percentage of GDP,2011,5.915
Korea,Expenditure,Percentage of GDP,2010,5.82
Korea,Expenditure,Percentage of GDP,2009,5.659
Korea,Expenditure,Percentage of GDP,2008,5.246
Korea,Expenditure,Percentage of GDP,2007,4.955
Korea,Expenditure,Percentage of GDP,2006,4.849
Korea,Expenditure,Percentage of GDP,2005,4.548
Korea,Expenditure,Percentage of GDP,2004,4.267
Korea,Expenditure,Percentage of GDP,2003,4.283
Korea,Expenditure,Percentage of GDP,2002,4.014
Korea,Expenditure,Percentage of GDP,2001,4.297
Korea,Expenditure,Percentage of GDP,2000,3.855
Korea,Expenditure,Percentage of GDP,1999,3.82
Korea,Expenditure,Percentage of GDP,2014,6.404
Korea,Expenditure,Percentage of GDP,2020,8.35
Korea,Expenditure,Percentage of GDP,2019,8.175
Korea,Expenditure,Percentage of GDP,2018,7.491
Korea,Expenditure,Percentage of GDP,2017,7.047
Korea,Expenditure,Percentage of GDP,2016,6.87
Korea,Expenditure,Percentage of GDP,2015,6.589
Korea,Expenditure,Percentage of GDP,2013,6.151
Korea,Expenditure,Percentage of GDP,2012,6.033
Korea,Expenditure,Percentage of GDP,1974,1.545
Korea,Expenditure,Percentage of GDP,1973,1.778
Korea,Expenditure,Percentage of GDP,1972,2.08
Korea,Expenditure,Percentage of GDP,1971,2.284
Korea,Expenditure,Percentage of GDP,1970,2.628
Korea,Expenditure,Percentage of GDP,1986,3.151
Korea,Expenditure,Percentage of GDP,1985,3.28
Korea,Expenditure,Percentage of GDP,1984,3.246
United Kingdom,Expenditure,Percentage of GDP,2016,9.765
United Kingdom,Expenditure,Percentage of GDP,2015,9.836
United Kingdom,Expenditure,Percentage of GDP,2023,10.884
United Kingdom,Expenditure,Percentage of GDP,1997,6.859
United Kingdom,Expenditure,Percentage of GDP,1990,5.09
United Kingdom,Expenditure,Percentage of GDP,1989,5.037
United Kingdom,Expenditure,Percentage of GDP,1988,5.089
United Kingdom,Expenditure,Percentage of GDP,1987,5.178
United Kingdom,Expenditure,Percentage of GDP,2022,11.052
United Kingdom,Expenditure,Percentage of GDP,2021,12.019
United Kingdom,Expenditure,Percentage of GDP,2020,11.965
United Kingdom,Expenditure,Percentage of GDP,2019,9.954
United Kingdom,Expenditure,Percentage of GDP,2018,9.738
United Kingdom,Expenditure,Percentage of GDP,2017,9.6
United Kingdom,Expenditure,Percentage of GDP,1976,4.949
United Kingdom,Expenditure,Percentage of GDP,1975,4.933
United Kingdom,Expenditure,Percentage of GDP,2011,9.796
United Kingdom,Expenditure,Percentage of GDP,2010,9.789
United Kingdom,Expenditure,Percentage of GDP,2009,9.848
United Kingdom,Expenditure,Percentage of GDP,2008,9.04
Hungary,Expenditure,Percentage of GDP,1996,6.643
Hungary,Expenditure,Percentage of GDP,2022,6.713
United Kingdom,Expenditure,Percentage of GDP,2005,8.394
United Kingdom,Expenditure,Percentage of GDP,2004,8.339
United Kingdom,Expenditure,Percentage of GDP,2003,8.078
United Kingdom,Expenditure,Percentage of GDP,2002,7.878
United Kingdom,Expenditure,Percentage of GDP,2001,7.452
United Kingdom,Expenditure,Percentage of GDP,2000,7.157
United Kingdom,Expenditure,Percentage of GDP,1999,7.11
United Kingdom,Expenditure,Percentage of GDP,1998,6.975
United Kingdom,Expenditure,Percentage of GDP,1996,5.546
United Kingdom,Expenditure,Percentage of GDP,1995,5.562
United Kingdom,Expenditure,Percentage of GDP,1994,6.078
United Kingdom,Expenditure,Percentage of GDP,1993,6.003
United Kingdom,Expenditure,Percentage of GDP,1992,5.935
United Kingdom,Expenditure,Percentage of GDP,1991,5.486
United Kingdom,Expenditure,Percentage of GDP,1982,5.123
United Kingdom,Expenditure,Percentage of GDP,1981,5.285
United Kingdom,Expenditure,Percentage of GDP,1980,5.063
United Kingdom,Expenditure,Percentage of GDP,1979,4.74
United Kingdom,Expenditure,Percentage of GDP,2014,9.903
United Kingdom,Expenditure,Percentage of GDP,2013,9.978
United Kingdom,Expenditure,Percentage of GDP,2012,9.892
United Kingdom,Expenditure,Percentage of GDP,1974,4.647
United Kingdom,Expenditure,Percentage of GDP,1973,4.019
United Kingdom,Expenditure,Percentage of GDP,1972,4.088
United Kingdom,Expenditure,Percentage of GDP,1971,4.017
United Kingdom,Expenditure,Percentage of GDP,1970,3.971
United Kingdom,Expenditure,Percentage of GDP,1986,5.125
United Kingdom,Expenditure,Percentage of GDP,1985,5.14
United Kingdom,Expenditure,Percentage of GDP,1984,5.237
United Kingdom,Expenditure,Percentage of GDP,1983,5.321
United Kingdom,Expenditure,Percentage of GDP,1978,4.798
United Kingdom,Expenditure,Percentage of GDP,1977,4.846
Greece,Expenditure,Percentage of GDP,1992,6.48
Greece,Expenditure,Percentage of GDP,1991,5.923
Greece,Expenditure,Percentage of GDP,2002,8.234
Greece,Expenditure,Percentage of GDP,2003,8.449
Greece,Expenditure,Percentage of GDP,2011,9.193
Greece,Expenditure,Percentage of GDP,2010,9.597
Greece,Expenditure,Percentage of GDP,2009,9.407
Greece,Expenditure,Percentage of GDP,2008,8.828
Bulgaria,Expenditure,Percentage of GDP,2012,7.539
Bulgaria,Expenditure,Percentage of GDP,2011,7.103
Bulgaria,Expenditure,Percentage of GDP,2010,7.095
Bulgaria,Expenditure,Percentage of GDP,2009,6.596
Bulgaria,Expenditure,Percentage of GDP,2007,6.157
Bulgaria,Expenditure,Percentage of GDP,2006,6.525
Bulgaria,Expenditure,Percentage of GDP,2005,6.89
Bulgaria,Expenditure,Percentage of GDP,2019,7.092
Bulgaria,Expenditure,Percentage of GDP,2018,7.332
Bulgaria,Expenditure,Percentage of GDP,2017,7.496
Bulgaria,Expenditure,Percentage of GDP,2016,7.46
Bulgaria,Expenditure,Percentage of GDP,2015,7.394
Bulgaria,Expenditure,Percentage of GDP,2014,7.683
Bulgaria,Expenditure,Percentage of GDP,2013,7.142
Bulgaria,Expenditure,Percentage of GDP,2021,8.619
Bulgaria,Expenditure,Percentage of GDP,2022,7.664
Bulgaria,Expenditure,Percentage of GDP,2020,8.482
Bulgaria,Expenditure,Percentage of GDP,2008,6.283
Peru,Expenditure,Percentage of GDP,2018,5.16
Peru,Expenditure,Percentage of GDP,2017,4.881
Peru,Expenditure,Percentage of GDP,2022,6.093
Peru,Expenditure,Percentage of GDP,2021,6.679
Peru,Expenditure,Percentage of GDP,2011,4.535
Peru,Expenditure,Percentage of GDP,2010,4.715
Peru,Expenditure,Percentage of GDP,2009,4.965
Peru,Expenditure,Percentage of GDP,2008,4.533
Peru,Expenditure,Percentage of GDP,2007,4.426
Peru,Expenditure,Percentage of GDP,2006,4.41
Peru,Expenditure,Percentage of GDP,2005,4.666
Peru,Expenditure,Percentage of GDP,2004,4.43
Peru,Expenditure,Percentage of GDP,2020,6.286
Peru,Expenditure,Percentage of GDP,2019,5.179
Peru,Expenditure,Percentage of GDP,2016,4.96
Peru,Expenditure,Percentage of GDP,2015,4.961
Peru,Expenditure,Percentage of GDP,2003,4.587
Peru,Expenditure,Percentage of GDP,2002,4.939
Peru,Expenditure,Percentage of GDP,2001,4.722
Peru,Expenditure,Percentage of GDP,2000,4.415
Peru,Expenditure,Percentage of GDP,2014,4.964
Peru,Expenditure,Percentage of GDP,2013,4.749
Peru,Expenditure,Percentage of GDP,2012,4.735
Italy,Expenditure,Percentage of GDP,1996,6.945
Italy,Expenditure,Percentage of GDP,2023,8.447
Italy,Expenditure,Percentage of GDP,2012,8.784
Italy,Expenditure,Percentage of GDP,1995,6.848
Italy,Expenditure,Percentage of GDP,1989,6.635
Italy,Expenditure,Percentage of GDP,1988,6.648
Italy,Expenditure,Percentage of GDP,2004,8.165
Italy,Expenditure,Percentage of GDP,2003,7.833
Italy,Expenditure,Percentage of GDP,2002,7.867
Germany,Expenditure,Percentage of GDP,1970,5.713
Germany,Expenditure,Percentage of GDP,1986,8.376
Italy,Expenditure,Percentage of GDP,1999,7.316
Italy,Expenditure,Percentage of GDP,1998,7.247
Italy,Expenditure,Percentage of GDP,1997,7.208
Italy,Expenditure,Percentage of GDP,2007,8.136
Italy,Expenditure,Percentage of GDP,2022,8.952
Italy,Expenditure,Percentage of GDP,2021,9.346
Italy,Expenditure,Percentage of GDP,2020,9.625
Italy,Expenditure,Percentage of GDP,2019,8.656
Italy,Expenditure,Percentage of GDP,2018,8.682
Italy,Expenditure,Percentage of GDP,2017,8.678
Italy,Expenditure,Percentage of GDP,2016,8.725
Italy,Expenditure,Percentage of GDP,2015,8.857
Italy,Expenditure,Percentage of GDP,2014,8.868
Italy,Expenditure,Percentage of GDP,2013,8.775
Italy,Expenditure,Percentage of GDP,2011,8.774
Italy,Expenditure,Percentage of GDP,2010,8.916
Italy,Expenditure,Percentage of GDP,2009,8.952
Italy,Expenditure,Percentage of GDP,2008,8.533
Italy,Expenditure,Percentage of GDP,1994,6.911
Italy,Expenditure,Percentage of GDP,1993,7.064
Italy,Expenditure,Percentage of GDP,2006,8.437
Italy,Expenditure,Percentage of GDP,2005,8.339
Italy,Expenditure,Percentage of GDP,1992,7.095
Italy,Expenditure,Percentage of GDP,1991,7.226
Italy,Expenditure,Percentage of GDP,1990,6.992
Korea,Expenditure,Percentage of GDP,1988,3.192
Korea,Expenditure,Percentage of GDP,1987,3.064
Korea,Expenditure,Percentage of GDP,2021,9.331
Korea,Expenditure,Percentage of GDP,2022,9.72
Korea,Expenditure,Percentage of GDP,1998,3.63
Korea,Expenditure,Percentage of GDP,1997,3.463
Korea,Expenditure,Percentage of GDP,1996,3.526
Korea,Expenditure,Percentage of GDP,1995,3.299
Korea,Expenditure,Percentage of GDP,1994,3.288
Korea,Expenditure,Percentage of GDP,1993,3.476
Korea,Expenditure,Percentage of GDP,1992,3.561
Korea,Expenditure,Percentage of GDP,1991,3.447
Korea,Expenditure,Percentage of GDP,1990,3.61
Korea,Expenditure,Percentage of GDP,1989,3.667
Korea,Expenditure,Percentage of GDP,1983,3.418
Korea,Expenditure,Percentage of GDP,1982,3.529
Korea,Expenditure,Percentage of GDP,1981,3.572
Korea,Expenditure,Percentage of GDP,1980,3.438
Korea,Expenditure,Percentage of GDP,1979,3.117
Ireland,Expenditure,Percentage of GDP,2013,10.287
Ireland,Expenditure,Percentage of GDP,2012,10.622
Ireland,Expenditure,Percentage of GDP,1974,6.513
Ireland,Expenditure,Percentage of GDP,1973,6.025
Ireland,Expenditure,Percentage of GDP,1979,6.804
Ireland,Expenditure,Percentage of GDP,1978,6.467
Ireland,Expenditure,Percentage of GDP,1977,6.141
Ireland,Expenditure,Percentage of GDP,1976,6.444
Ireland,Expenditure,Percentage of GDP,1975,6.601
Ireland,Expenditure,Percentage of GDP,2010,10.524
Ireland,Expenditure,Percentage of GDP,2009,10.523
Ireland,Expenditure,Percentage of GDP,2008,9.126
Ireland,Expenditure,Percentage of GDP,2007,7.808
Ireland,Expenditure,Percentage of GDP,2006,7.516
Ireland,Expenditure,Percentage of GDP,2005,7.642
Ireland,Expenditure,Percentage of GDP,2004,7.22
Ireland,Expenditure,Percentage of GDP,2003,7.008
Ireland,Expenditure,Percentage of GDP,2002,6.673
Ireland,Expenditure,Percentage of GDP,2001,6.392
Ireland,Expenditure,Percentage of GDP,2000,5.899
Ireland,Expenditure,Percentage of GDP,1999,5.581
Ireland,Expenditure,Percentage of GDP,1998,5.63
Slovenia,Expenditure,Percentage of GDP,2001,7.876
Slovenia,Expenditure,Percentage of GDP,2000,7.804
Netherlands,Expenditure,Percentage of GDP,1998,7.795
Slovenia,Expenditure,Percentage of GDP,2014,8.502
Slovenia,Expenditure,Percentage of GDP,2020,9.428
Netherlands,Expenditure,Percentage of GDP,1991,7.169
Netherlands,Expenditure,Percentage of GDP,1990,6.992
Netherlands,Expenditure,Percentage of GDP,1989,6.834
Netherlands,Expenditure,Percentage of GDP,2022,10.101
Netherlands,Expenditure,Percentage of GDP,2021,11.125
Netherlands,Expenditure,Percentage of GDP,2020,11.224
Netherlands,Expenditure,Percentage of GDP,2019,10.14
Netherlands,Expenditure,Percentage of GDP,2018,10.02
Netherlands,Expenditure,Percentage of GDP,2017,10.108
Netherlands,Expenditure,Percentage of GDP,2008,9.277
Netherlands,Expenditure,Percentage of GDP,2007,9.053
Netherlands,Expenditure,Percentage of GDP,2006,9.081
Netherlands,Expenditure,Percentage of GDP,2005,9.097
Netherlands,Expenditure,Percentage of GDP,2004,9.111
Netherlands,Expenditure,Percentage of GDP,2003,9.057
Netherlands,Expenditure,Percentage of GDP,2002,8.649
Netherlands,Expenditure,Percentage of GDP,2001,8.059
Netherlands,Expenditure,Percentage of GDP,2000,7.707
Netherlands,Expenditure,Percentage of GDP,1999,7.825
United Kingdom,Expenditure,Percentage of GDP,2007,8.757
United Kingdom,Expenditure,Percentage of GDP,2006,8.545
Netherlands,Expenditure,Percentage of GDP,1995,7.27
Netherlands,Expenditure,Percentage of GDP,1994,7.359
Netherlands,Expenditure,Percentage of GDP,1993,7.476
Netherlands,Expenditure,Percentage of GDP,1992,7.376
Slovenia,Expenditure,Percentage of GDP,2008,7.855
Slovenia,Expenditure,Percentage of GDP,2007,7.511
Slovenia,Expenditure,Percentage of GDP,2006,7.823
Slovenia,Expenditure,Percentage of GDP,2005,7.996
Slovenia,Expenditure,Percentage of GDP,2022,9.691
Slovenia,Expenditure,Percentage of GDP,2021,9.481
Netherlands,Expenditure,Percentage of GDP,2016,10.294
Slovenia,Expenditure,Percentage of GDP,2019,8.491
Netherlands,Expenditure,Percentage of GDP,2015,10.324
Slovenia,Expenditure,Percentage of GDP,2018,8.277
Slovenia,Expenditure,Percentage of GDP,2017,8.185
Slovenia,Expenditure,Percentage of GDP,2004,7.94
Slovenia,Expenditure,Percentage of GDP,2003,8.099
Slovenia,Expenditure,Percentage of GDP,2002,8.021
Slovenia,Expenditure,Percentage of GDP,2016,8.478
Slovenia,Expenditure,Percentage of GDP,2015,8.517
Slovenia,Expenditure,Percentage of GDP,2013,8.74
Slovenia,Expenditure,Percentage of GDP,2012,8.715
Slovenia,Expenditure,Percentage of GDP,2011,8.536
Slovenia,Expenditure,Percentage of GDP,2010,8.565
Slovenia,Expenditure,Percentage of GDP,2009,8.541
Netherlands,Expenditure,Percentage of GDP,2014,10.567
Netherlands,Expenditure,Percentage of GDP,1976,6.097
Netherlands,Expenditure,Percentage of GDP,1975,6.159
Netherlands,Expenditure,Percentage of GDP,1974,5.82
Netherlands,Expenditure,Percentage of GDP,1973,5.625
Netherlands,Expenditure,Percentage of GDP,1972,5.585
Netherlands,Expenditure,Percentage of GDP,1988,6.667
Netherlands,Expenditure,Percentage of GDP,1987,6.738
Netherlands,Expenditure,Percentage of GDP,1986,6.63
Netherlands,Expenditure,Percentage of GDP,1985,6.544
Netherlands,Expenditure,Percentage of GDP,1984,6.555
Netherlands,Expenditure,Percentage of GDP,1983,6.829
Netherlands,Expenditure,Percentage of GDP,1982,6.829
Netherlands,Expenditure,Percentage of GDP,1981,6.604
Netherlands,Expenditure,Percentage of GDP,1980,6.514
Netherlands,Expenditure,Percentage of GDP,1979,6.46
Netherlands,Expenditure,Percentage of GDP,1978,6.301
Netherlands,Expenditure,Percentage of GDP,1977,6.185
Netherlands,Expenditure,Percentage of GDP,2013,10.584
Netherlands,Expenditure,Percentage of GDP,2012,10.539
Netherlands,Expenditure,Percentage of GDP,2011,10.234
Netherlands,Expenditure,Percentage of GDP,2010,10.155
Netherlands,Expenditure,Percentage of GDP,2009,9.993
Finland,Expenditure,Percentage of GDP,1997,7.128
Finland,Expenditure,Percentage of GDP,2008,8.343
Finland,Expenditure,Percentage of GDP,2007,8.084
Finland,Expenditure,Percentage of GDP,2013,9.805
Finland,Expenditure,Percentage of GDP,2012,9.586
Finland,Expenditure,Percentage of GDP,1974,5.172
Finland,Expenditure,Percentage of GDP,1973,5.234
Finland,Expenditure,Percentage of GDP,1972,5.385
Finland,Expenditure,Percentage of GDP,1971,5.29
Finland,Expenditure,Percentage of GDP,1970,4.989
Finland,Expenditure,Percentage of GDP,1986,6.758
Finland,Expenditure,Percentage of GDP,1985,6.658
Finland,Expenditure,Percentage of GDP,1984,6.266
Finland,Expenditure,Percentage of GDP,1983,6.222
Finland,Expenditure,Percentage of GDP,1982,6.133
Finland,Expenditure,Percentage of GDP,1981,6.04
Finland,Expenditure,Percentage of GDP,1980,5.916
Finland,Expenditure,Percentage of GDP,1979,5.989
Finland,Expenditure,Percentage of GDP,1978,6.136
Finland,Expenditure,Percentage of GDP,1977,6.196
Finland,Expenditure,Percentage of GDP,1976,5.993
Finland,Expenditure,Percentage of GDP,1975,5.654
Finland,Expenditure,Percentage of GDP,2011,9.223
Finland,Expenditure,Percentage of GDP,2014,9.781
Finland,Expenditure,Percentage of GDP,1994,7.285
Finland,Expenditure,Percentage of GDP,1992,8.521
Finland,Expenditure,Percentage of GDP,1991,8.32
Finland,Expenditure,Percentage of GDP,1990,7.253
Finland,Expenditure,Percentage of GDP,1989,6.743
Finland,Expenditure,Percentage of GDP,1988,6.703
Finland,Expenditure,Percentage of GDP,1987,6.897
Finland,Expenditure,Percentage of GDP,2022,9.685
Finland,Expenditure,Percentage of GDP,2021,9.835
Finland,Expenditure,Percentage of GDP,2020,9.632
Finland,Expenditure,Percentage of GDP,2019,9.171
Finland,Expenditure,Percentage of GDP,2018,9.043
Finland,Expenditure,Percentage of GDP,2017,9.127
Finland,Expenditure,Percentage of GDP,2016,9.378
Finland,Expenditure,Percentage of GDP,2010,9.142
Finland,Expenditure,Percentage of GDP,2009,9.161
Mexico,Expenditure,Percentage of GDP,2007,5.766
Mexico,Expenditure,Percentage of GDP,2022,5.483
Italy,Expenditure,Percentage of GDP,2001,7.738
Italy,Expenditure,Percentage of GDP,2000,7.567
Mexico,Expenditure,Percentage of GDP,2001,4.82
Mexico,Expenditure,Percentage of GDP,2000,4.449
Mexico,Expenditure,Percentage of GDP,1999,4.395
Mexico,Expenditure,Percentage of GDP,2015,5.723
Mexico,Expenditure,Percentage of GDP,2014,5.553
Mexico,Expenditure,Percentage of GDP,2013,5.809
Mexico,Expenditure,Percentage of GDP,2012,5.665
Mexico,Expenditure,Percentage of GDP,2011,5.519
Mexico,Expenditure,Percentage of GDP,2010,5.737
Mexico,Expenditure,Percentage of GDP,2009,6.13
Mexico,Expenditure,Percentage of GDP,2018,5.383
Mexico,Expenditure,Percentage of GDP,2021,6.079
Mexico,Expenditure,Percentage of GDP,2020,6.222
Mexico,Expenditure,Percentage of GDP,2019,5.448
Mexico,Expenditure,Percentage of GDP,2006,5.655
Mexico,Expenditure,Percentage of GDP,2005,5.836
Mexico,Expenditure,Percentage of GDP,2004,5.954
Mexico,Expenditure,Percentage of GDP,2017,5.458
Mexico,Expenditure,Percentage of GDP,2016,5.553
Mexico,Expenditure,Percentage of GDP,2002,5.072
Ireland,Expenditure,Percentage of GDP,2015,7.321
Ireland,Expenditure,Percentage of GDP,2014,9.495
Ireland,Expenditure,Percentage of GDP,2023,6.565
Ireland,Expenditure,Percentage of GDP,2011,10.599
Ireland,Expenditure,Percentage of GDP,1972,5.89
Ireland,Expenditure,Percentage of GDP,1988,6.14
Ireland,Expenditure,Percentage of GDP,1987,6.451
Ireland,Expenditure,Percentage of GDP,2022,6.12
Ireland,Expenditure,Percentage of GDP,2021,6.596
Ireland,Expenditure,Percentage of GDP,2020,7.063
Ireland,Expenditure,Percentage of GDP,2019,6.716
Ireland,Expenditure,Percentage of GDP,2018,6.859
Ireland,Expenditure,Percentage of GDP,2017,7.107
Ireland,Expenditure,Percentage of GDP,2016,7.482
Ireland,Expenditure,Percentage of GDP,1997,5.843
Ireland,Expenditure,Percentage of GDP,1996,5.932
Ireland,Expenditure,Percentage of GDP,1995,6.107
Ireland,Expenditure,Percentage of GDP,1994,6.275
Ireland,Expenditure,Percentage of GDP,1993,6.377
Ireland,Expenditure,Percentage of GDP,1992,6.327
Ireland,Expenditure,Percentage of GDP,1991,6.066
Ireland,Expenditure,Percentage of GDP,1990,5.614
Ireland,Expenditure,Percentage of GDP,1989,5.763
Ireland,Expenditure,Percentage of GDP,1971,5.823
Ireland,Expenditure,Percentage of GDP,1970,4.913
Ireland,Expenditure,Percentage of GDP,1986,6.747
Ireland,Expenditure,Percentage of GDP,1985,6.84
Ireland,Expenditure,Percentage of GDP,1984,6.823
Ireland,Expenditure,Percentage of GDP,1983,6.981
Ireland,Expenditure,Percentage of GDP,1982,6.957
Ireland,Expenditure,Percentage of GDP,1981,7.101
Ireland,Expenditure,Percentage of GDP,1980,7.506
Denmark,Expenditure,Percentage of GDP,1994,8.077
Denmark,Expenditure,Percentage of GDP,1993,8.289
Denmark,Expenditure,Percentage of GDP,1992,7.956
Denmark,Expenditure,Percentage of GDP,1991,7.94
Denmark,Expenditure,Percentage of GDP,1990,8.038
Denmark,Expenditure,Percentage of GDP,1989,8.061
Denmark,Expenditure,Percentage of GDP,1988,8.191
Denmark,Expenditure,Percentage of GDP,2022,9.476
Denmark,Expenditure,Percentage of GDP,2021,10.747
Denmark,Expenditure,Percentage of GDP,2020,10.719
Denmark,Expenditure,Percentage of GDP,2019,10.152
Denmark,Expenditure,Percentage of GDP,2018,10.098
Denmark,Expenditure,Percentage of GDP,2015,10.328
Denmark,Expenditure,Percentage of GDP,2014,10.292
Denmark,Expenditure,Percentage of GDP,2013,10.31
Denmark,Expenditure,Percentage of GDP,1987,8.054
Denmark,Expenditure,Percentage of GDP,1986,7.734
Denmark,Expenditure,Percentage of GDP,1985,7.947
Denmark,Expenditure,Percentage of GDP,1984,7.97
Denmark,Expenditure,Percentage of GDP,1983,8.418
Denmark,Expenditure,Percentage of GDP,1982,8.624
Denmark,Expenditure,Percentage of GDP,1981,8.575
Denmark,Expenditure,Percentage of GDP,1980,8.416
Denmark,Expenditure,Percentage of GDP,2012,10.506
Denmark,Expenditure,Percentage of GDP,2011,10.388
Denmark,Expenditure,Percentage of GDP,2009,10.674
Denmark,Expenditure,Percentage of GDP,2008,9.511
Denmark,Expenditure,Percentage of GDP,2007,9.325
Denmark,Expenditure,Percentage of GDP,2006,9.169
Canada,Expenditure,Percentage of GDP,2021,12.419
Canada,Expenditure,Percentage of GDP,2020,13.024
Canada,Expenditure,Percentage of GDP,1975,6.498
Canada,Expenditure,Percentage of GDP,2022,11.234
Canada,Expenditure,Percentage of GDP,1999,8.329
Canada,Expenditure,Percentage of GDP,1998,8.547
Canada,Expenditure,Percentage of GDP,1997,8.317
Canada,Expenditure,Percentage of GDP,1996,8.335
Canada,Expenditure,Percentage of GDP,1995,8.532
Netherlands,Expenditure,Percentage of GDP,1997,7.026
Netherlands,Expenditure,Percentage of GDP,1996,7.213
Canada,Expenditure,Percentage of GDP,2016,11.061
Canada,Expenditure,Percentage of GDP,2015,10.769
Canada,Expenditure,Percentage of GDP,2023,11.224
Canada,Expenditure,Percentage of GDP,1972,6.437
Canada,Expenditure,Percentage of GDP,1971,6.518
Canada,Expenditure,Percentage of GDP,1970,6.264
Canada,Expenditure,Percentage of GDP,1986,7.798
Canada,Expenditure,Percentage of GDP,1985,7.558
Canada,Expenditure,Percentage of GDP,1984,7.551
Canada,Expenditure,Percentage of GDP,1983,7.664
Canada,Expenditure,Percentage of GDP,1982,7.495
Canada,Expenditure,Percentage of GDP,1981,6.766
Canada,Expenditure,Percentage of GDP,1976,6.501
Canada,Expenditure,Percentage of GDP,2011,10.408
Canada,Expenditure,Percentage of GDP,2010,10.704
Canada,Expenditure,Percentage of GDP,2009,10.7
Canada,Expenditure,Percentage of GDP,2008,9.588
Canada,Expenditure,Percentage of GDP,2007,9.429
Canada,Expenditure,Percentage of GDP,2006,9.325
Canada,Expenditure,Percentage of GDP,2005,9.035
Canada,Expenditure,Percentage of GDP,2004,9.066
Canada,Expenditure,Percentage of GDP,2003,9.011
Canada,Expenditure,Percentage of GDP,2002,8.857
Canada,Expenditure,Percentage of GDP,2001,8.625
Canada,Expenditure,Percentage of GDP,2000,8.248
Canada,Expenditure,Percentage of GDP,2014,10.285
Canada,Expenditure,Percentage of GDP,1980,6.536
Canada,Expenditure,Percentage of GDP,1979,6.35
Canada,Expenditure,Percentage of GDP,1978,6.456
Canada,Expenditure,Percentage of GDP,1977,6.479
Canada,Expenditure,Percentage of GDP,1992,9.3
Canada,Expenditure,Percentage of GDP,1991,9.048
Canada,Expenditure,Percentage of GDP,1990,8.364
Canada,Expenditure,Percentage of GDP,1989,7.946
Canada,Expenditure,Percentage of GDP,1988,7.738
Canada,Expenditure,Percentage of GDP,1987,7.739
Canada,Expenditure,Percentage of GDP,2019,11.059
Canada,Expenditure,Percentage of GDP,2018,10.943
Canada,Expenditure,Percentage of GDP,2017,10.934
Canada,Expenditure,Percentage of GDP,2013,10.44
Canada,Expenditure,Percentage of GDP,2012,10.545
Canada,Expenditure,Percentage of GDP,1974,6.041
Canada,Expenditure,Percentage of GDP,1973,6.131
Finland,Expenditure,Percentage of GDP,1996,7.474
Finland,Expenditure,Percentage of GDP,1995,7.355
Finland,Expenditure,Percentage of GDP,1993,7.833
Finland,Expenditure,Percentage of GDP,2015,9.645
Finland,Expenditure,Percentage of GDP,2006,8.284
Finland,Expenditure,Percentage of GDP,2005,8.288
Finland,Expenditure,Percentage of GDP,2004,8.059
Finland,Expenditure,Percentage of GDP,2003,7.938
Finland,Expenditure,Percentage of GDP,2002,7.628
Finland,Expenditure,Percentage of GDP,2001,7.251
Finland,Expenditure,Percentage of GDP,2000,7.093
Finland,Expenditure,Percentage of GDP,1999,6.798
Finland,Expenditure,Percentage of GDP,1998,6.818
Iceland,Expenditure,Percentage of GDP,1982,6.317
Iceland,Expenditure,Percentage of GDP,1981,6.03
Iceland,Expenditure,Percentage of GDP,2011,8.255
Iceland,Expenditure,Percentage of GDP,2010,8.362
Iceland,Expenditure,Percentage of GDP,2009,8.775
Croatia,Expenditure,Percentage of GDP,2010,7.971
Croatia,Expenditure,Percentage of GDP,2009,8.064
Croatia,Expenditure,Percentage of GDP,2013,6.412
Croatia,Expenditure,Percentage of GDP,2011,7.448
Croatia,Expenditure,Percentage of GDP,2016,6.71
Croatia,Expenditure,Percentage of GDP,2015,6.675
Croatia,Expenditure,Percentage of GDP,2014,6.596
Croatia,Expenditure,Percentage of GDP,2012,7.479
Croatia,Expenditure,Percentage of GDP,2021,8.074
Croatia,Expenditure,Percentage of GDP,2020,7.711
Croatia,Expenditure,Percentage of GDP,2008,7.632
Croatia,Expenditure,Percentage of GDP,2007,7.387
Croatia,Expenditure,Percentage of GDP,2006,6.902
Croatia,Expenditure,Percentage of GDP,2005,6.839
Croatia,Expenditure,Percentage of GDP,2022,7.317
Croatia,Expenditure,Percentage of GDP,2019,6.787
Croatia,Expenditure,Percentage of GDP,2018,6.734
Croatia,Expenditure,Percentage of GDP,2017,6.643
Türkiye,Expenditure,Percentage of GDP,1994,2.622
Türkiye,Expenditure,Percentage of GDP,1993,2.693
Türkiye,Expenditure,Percentage of GDP,1992,2.745
Türkiye,Expenditure,Percentage of GDP,1999,4.456
Türkiye,Expenditure,Percentage of GDP,1991,2.784
Türkiye,Expenditure,Percentage of GDP,1984,2.112
Türkiye,Expenditure,Percentage of GDP,1983,2.192
Türkiye,Expenditure,Percentage of GDP,1982,2.145
Türkiye,Expenditure,Percentage of GDP,1981,2.573
Türkiye,Expenditure,Percentage of GDP,1980,2.359
Türkiye,Expenditure,Percentage of GDP,1998,3.506
Mexico,Expenditure,Percentage of GDP,2008,5.699
Mexico,Expenditure,Percentage of GDP,2003,5.815
Türkiye,Expenditure,Percentage of GDP,1995,2.446
Türkiye,Expenditure,Percentage of GDP,2005,4.894
Türkiye,Expenditure,Percentage of GDP,2004,4.91
Türkiye,Expenditure,Percentage of GDP,2003,5.014
Türkiye,Expenditure,Percentage of GDP,2002,5.062
Türkiye,Expenditure,Percentage of GDP,2001,4.888
Türkiye,Expenditure,Percentage of GDP,2000,4.6
Türkiye,Expenditure,Percentage of GDP,2022,3.703
Türkiye,Expenditure,Percentage of GDP,2021,4.561
Türkiye,Expenditure,Percentage of GDP,2020,4.616
Türkiye,Expenditure,Percentage of GDP,1990,2.449
Türkiye,Expenditure,Percentage of GDP,1989,2.274
Türkiye,Expenditure,Percentage of GDP,1988,2.073
Türkiye,Expenditure,Percentage of GDP,1987,1.894
Türkiye,Expenditure,Percentage of GDP,1986,1.833
Türkiye,Expenditure,Percentage of GDP,1985,1.489
Türkiye,Expenditure,Percentage of GDP,2018,4.121
Türkiye,Expenditure,Percentage of GDP,2017,4.18
Türkiye,Expenditure,Percentage of GDP,1979,2.291
Türkiye,Expenditure,Percentage of GDP,1978,2.224
Türkiye,Expenditure,Percentage of GDP,1977,1.987
Türkiye,Expenditure,Percentage of GDP,1976,1.693
Türkiye,Expenditure,Percentage of GDP,1975,2.155
Türkiye,Expenditure,Percentage of GDP,2019,4.36
Türkiye,Expenditure,Percentage of GDP,2016,4.285
Türkiye,Expenditure,Percentage of GDP,2015,4.117
Türkiye,Expenditure,Percentage of GDP,2014,4.325
Türkiye,Expenditure,Percentage of GDP,2013,4.371
Türkiye,Expenditure,Percentage of GDP,2012,4.444
Türkiye,Expenditure,Percentage of GDP,2011,4.653
Türkiye,Expenditure,Percentage of GDP,2010,5.021
Türkiye,Expenditure,Percentage of GDP,2009,5.494
Türkiye,Expenditure,Percentage of GDP,2008,5.218
Türkiye,Expenditure,Percentage of GDP,2007,5.238
Türkiye,Expenditure,Percentage of GDP,2006,5.146
Denmark,Expenditure,Percentage of GDP,1971,7.677
Denmark,Expenditure,Percentage of GDP,1979,8.474
Denmark,Expenditure,Percentage of GDP,2010,10.591
Denmark,Expenditure,Percentage of GDP,2003,8.904
Denmark,Expenditure,Percentage of GDP,2017,10.098
Denmark,Expenditure,Percentage of GDP,2016,10.237
Denmark,Expenditure,Percentage of GDP,2023,9.441
Denmark,Expenditure,Percentage of GDP,1978,8.377
Denmark,Expenditure,Percentage of GDP,1977,8.259
Denmark,Expenditure,Percentage of GDP,1976,8.441
Denmark,Expenditure,Percentage of GDP,1975,8.536
Denmark,Expenditure,Percentage of GDP,1974,8.291
Denmark,Expenditure,Percentage of GDP,1973,7.585
Denmark,Expenditure,Percentage of GDP,1972,7.768
Denmark,Expenditure,Percentage of GDP,2005,9.091
Denmark,Expenditure,Percentage of GDP,2004,9.007
Denmark,Expenditure,Percentage of GDP,2002,8.703
Denmark,Expenditure,Percentage of GDP,2001,8.448
Denmark,Expenditure,Percentage of GDP,2000,8.104
Denmark,Expenditure,Percentage of GDP,1999,8.342
Denmark,Expenditure,Percentage of GDP,1998,7.552
Denmark,Expenditure,Percentage of GDP,1997,7.75
Denmark,Expenditure,Percentage of GDP,1996,7.839
Denmark,Expenditure,Percentage of GDP,1995,7.771
Belgium,Expenditure,Percentage of GDP,1984,6.833
Belgium,Expenditure,Percentage of GDP,1983,6.991
Belgium,Expenditure,Percentage of GDP,1982,6.824
Belgium,Expenditure,Percentage of GDP,1977,6.226
Belgium,Expenditure,Percentage of GDP,1976,5.755
Belgium,Expenditure,Percentage of GDP,1975,5.547
Belgium,Expenditure,Percentage of GDP,1994,7.56
Belgium,Expenditure,Percentage of GDP,2019,10.76
Belgium,Expenditure,Percentage of GDP,2018,10.861
Belgium,Expenditure,Percentage of GDP,2017,10.801
Belgium,Expenditure,Percentage of GDP,2016,10.793
Belgium,Expenditure,Percentage of GDP,2015,10.797
Belgium,Expenditure,Percentage of GDP,1981,6.596
Belgium,Expenditure,Percentage of GDP,1980,6.181
Belgium,Expenditure,Percentage of GDP,1979,6.398
Belgium,Expenditure,Percentage of GDP,1978,6.416
Belgium,Expenditure,Percentage of GDP,2010,10.2
Belgium,Expenditure,Percentage of GDP,2009,10.319
Belgium,Expenditure,Percentage of GDP,2008,9.593
Belgium,Expenditure,Percentage of GDP,2007,9.134
Belgium,Expenditure,Percentage of GDP,1991,7.459
Belgium,Expenditure,Percentage of GDP,1990,7.147
Belgium,Expenditure,Percentage of GDP,1989,7.104
Belgium,Expenditure,Percentage of GDP,1988,7.161
Belgium,Expenditure,Percentage of GDP,1987,7.162
Belgium,Expenditure,Percentage of GDP,1974,4.443
Belgium,Expenditure,Percentage of GDP,1973,4.378
Belgium,Expenditure,Percentage of GDP,1972,4.098
Belgium,Expenditure,Percentage of GDP,1971,3.943
Belgium,Expenditure,Percentage of GDP,2014,10.608
Canada,Expenditure,Percentage of GDP,1994,8.835
Canada,Expenditure,Percentage of GDP,1993,9.186
Belgium,Expenditure,Percentage of GDP,2011,10.361
Belgium,Expenditure,Percentage of GDP,2006,9.128
Belgium,Expenditure,Percentage of GDP,2005,9.222
Belgium,Expenditure,Percentage of GDP,2004,9.328
Belgium,Expenditure,Percentage of GDP,2002,8.318
Belgium,Expenditure,Percentage of GDP,2001,8.15
Belgium,Expenditure,Percentage of GDP,2000,7.999
Belgium,Expenditure,Percentage of GDP,1999,7.963
Belgium,Expenditure,Percentage of GDP,1998,7.797
Belgium,Expenditure,Percentage of GDP,1997,7.675
Belgium,Expenditure,Percentage of GDP,1996,7.814
Belgium,Expenditure,Percentage of GDP,2022,10.759
Belgium,Expenditure,Percentage of GDP,2021,11.044
Belgium,Expenditure,Percentage of GDP,2020,11.27
Iceland,Expenditure,Percentage of GDP,1975,5.642
Iceland,Expenditure,Percentage of GDP,1980,5.902
Iceland,Expenditure,Percentage of GDP,2003,9.729
Iceland,Expenditure,Percentage of GDP,2000,8.899
Iceland,Expenditure,Percentage of GDP,2023,8.992
Iceland,Expenditure,Percentage of GDP,1974,5.223
Iceland,Expenditure,Percentage of GDP,1973,4.575
Iceland,Expenditure,Percentage of GDP,1972,4.993
Iceland,Expenditure,Percentage of GDP,1971,5.093
Iceland,Expenditure,Percentage of GDP,1970,4.66
Iceland,Expenditure,Percentage of GDP,1979,6.373
Iceland,Expenditure,Percentage of GDP,1978,5.639
Iceland,Expenditure,Percentage of GDP,1977,5.241
Iceland,Expenditure,Percentage of GDP,1976,5.294
Iceland,Expenditure,Percentage of GDP,2008,8.344
Iceland,Expenditure,Percentage of GDP,2007,8.354
Iceland,Expenditure,Percentage of GDP,2006,8.557
Iceland,Expenditure,Percentage of GDP,2005,8.947
Iceland,Expenditure,Percentage of GDP,2004,9.329
Iceland,Expenditure,Percentage of GDP,2002,9.404
Iceland,Expenditure,Percentage of GDP,2001,8.753
Iceland,Expenditure,Percentage of GDP,1999,8.849
Iceland,Expenditure,Percentage of GDP,1998,8.463
Iceland,Expenditure,Percentage of GDP,1997,7.765
Iceland,Expenditure,Percentage of GDP,1996,7.912
Iceland,Expenditure,Percentage of GDP,1995,7.861
Iceland,Expenditure,Percentage of GDP,1994,7.737
Iceland,Expenditure,Percentage of GDP,1993,7.912
Iceland,Expenditure,Percentage of GDP,1992,7.823
Iceland,Expenditure,Percentage of GDP,1991,7.622
Iceland,Expenditure,Percentage of GDP,1990,7.445
Iceland,Expenditure,Percentage of GDP,1989,7.795
Iceland,Expenditure,Percentage of GDP,1988,7.973
Iceland,Expenditure,Percentage of GDP,1987,7.391
Iceland,Expenditure,Percentage of GDP,2022,9.08
Iceland,Expenditure,Percentage of GDP,2021,9.71
Iceland,Expenditure,Percentage of GDP,2014,8.29
Iceland,Expenditure,Percentage of GDP,2020,9.649
Iceland,Expenditure,Percentage of GDP,2019,8.64
Iceland,Expenditure,Percentage of GDP,2018,8.438
Iceland,Expenditure,Percentage of GDP,2017,8.324
Iceland,Expenditure,Percentage of GDP,2016,8.156
Iceland,Expenditure,Percentage of GDP,2015,8.131
Iceland,Expenditure,Percentage of GDP,2013,8.227
Iceland,Expenditure,Percentage of GDP,2012,8.231
Iceland,Expenditure,Percentage of GDP,1986,7.216
Iceland,Expenditure,Percentage of GDP,1985,6.762
Iceland,Expenditure,Percentage of GDP,1984,6.529
Iceland,Expenditure,Percentage of GDP,1983,6.926
Brazil,Expenditure,Percentage of GDP,2004,8.125
Brazil,Expenditure,Percentage of GDP,2019,9.614
Brazil,Expenditure,Percentage of GDP,2002,8.697
Brazil,Expenditure,Percentage of GDP,2001,8.55
Brazil,Expenditure,Percentage of GDP,2016,9.169
Brazil,Expenditure,Percentage of GDP,2000,8.335
Brazil,Expenditure,Percentage of GDP,2014,8.396
Brazil,Expenditure,Percentage of GDP,2013,7.977
Latvia,Expenditure,Percentage of GDP,2003,5.479
Latvia,Expenditure,Percentage of GDP,2002,5.763
Latvia,Expenditure,Percentage of GDP,2001,5.77
Latvia,Expenditure,Percentage of GDP,2000,5.433
Latvia,Expenditure,Percentage of GDP,2011,5.724
Latvia,Expenditure,Percentage of GDP,2010,6.097
Latvia,Expenditure,Percentage of GDP,2009,6.098
Latvia,Expenditure,Percentage of GDP,2008,5.585
Latvia,Expenditure,Percentage of GDP,2007,5.512
Latvia,Expenditure,Percentage of GDP,2006,5.704
Latvia,Expenditure,Percentage of GDP,2005,5.832
Latvia,Expenditure,Percentage of GDP,2022,7.622
Latvia,Expenditure,Percentage of GDP,2021,9.11
Latvia,Expenditure,Percentage of GDP,2020,7.285
Latvia,Expenditure,Percentage of GDP,2019,6.637
Latvia,Expenditure,Percentage of GDP,2018,6.189
Latvia,Expenditure,Percentage of GDP,2017,5.965
Latvia,Expenditure,Percentage of GDP,2004,6.202
Latvia,Expenditure,Percentage of GDP,2016,6.133
Türkiye,Expenditure,Percentage of GDP,1997,3.058
Türkiye,Expenditure,Percentage of GDP,1996,2.832
Latvia,Expenditure,Percentage of GDP,2013,5.409
Latvia,Expenditure,Percentage of GDP,2012,5.41
Czechia,Expenditure,Percentage of GDP,2003,6.524
Czechia,Expenditure,Percentage of GDP,2010,7.586
Czechia,Expenditure,Percentage of GDP,2000,5.701
Czechia,Expenditure,Percentage of GDP,1995,5.701
Czechia,Expenditure,Percentage of GDP,2020,9.214
Czechia,Expenditure,Percentage of GDP,2019,7.603
Czechia,Expenditure,Percentage of GDP,2018,7.47
Czechia,Expenditure,Percentage of GDP,2017,7.381
Czechia,Expenditure,Percentage of GDP,2016,7.446
Czechia,Expenditure,Percentage of GDP,2015,7.369
Czechia,Expenditure,Percentage of GDP,2014,7.612
Czechia,Expenditure,Percentage of GDP,2013,7.521
Czechia,Expenditure,Percentage of GDP,2012,7.624
Czechia,Expenditure,Percentage of GDP,2023,8.54
Czechia,Expenditure,Percentage of GDP,2009,7.249
Czechia,Expenditure,Percentage of GDP,1994,5.479
Czechia,Expenditure,Percentage of GDP,1993,5.318
Czechia,Expenditure,Percentage of GDP,1992,3.971
Czechia,Expenditure,Percentage of GDP,1991,3.848
Czechia,Expenditure,Percentage of GDP,2011,7.558
Czechia,Expenditure,Percentage of GDP,2008,6.33
Czechia,Expenditure,Percentage of GDP,2007,5.986
Czechia,Expenditure,Percentage of GDP,1990,3.713
Czechia,Expenditure,Percentage of GDP,2006,6.164
Czechia,Expenditure,Percentage of GDP,2005,6.341
Czechia,Expenditure,Percentage of GDP,2004,6.351
Czechia,Expenditure,Percentage of GDP,2002,6.177
Czechia,Expenditure,Percentage of GDP,2001,5.863
Czechia,Expenditure,Percentage of GDP,1999,5.769
Czechia,Expenditure,Percentage of GDP,1998,5.593
Czechia,Expenditure,Percentage of GDP,1997,5.596
Czechia,Expenditure,Percentage of GDP,1996,5.586
Czechia,Expenditure,Percentage of GDP,2022,8.763
Czechia,Expenditure,Percentage of GDP,2021,9.489
Lithuania,Expenditure,Percentage of GDP,2002,6.144
Lithuania,Expenditure,Percentage of GDP,2001,6.013
Lithuania,Expenditure,Percentage of GDP,2006,5.844
Lithuania,Expenditure,Percentage of GDP,2004,5.511
Lithuania,Expenditure,Percentage of GDP,2009,7.366
Lithuania,Expenditure,Percentage of GDP,2008,6.294
Lithuania,Expenditure,Percentage of GDP,2007,5.764
Lithuania,Expenditure,Percentage of GDP,2005,5.648
Lithuania,Expenditure,Percentage of GDP,2022,7.239
Lithuania,Expenditure,Percentage of GDP,2021,7.76
Lithuania,Expenditure,Percentage of GDP,2020,7.474
Lithuania,Expenditure,Percentage of GDP,2000,6.2
Lithuania,Expenditure,Percentage of GDP,2023,7.3
Lithuania,Expenditure,Percentage of GDP,2003,6.186
Lithuania,Expenditure,Percentage of GDP,2019,6.984
Lithuania,Expenditure,Percentage of GDP,2018,6.53
Lithuania,Expenditure,Percentage of GDP,2017,6.464
Lithuania,Expenditure,Percentage of GDP,2016,6.638
Lithuania,Expenditure,Percentage of GDP,2015,6.49
Lithuania,Expenditure,Percentage of GDP,2014,6.193
Lithuania,Expenditure,Percentage of GDP,2013,6.126
Lithuania,Expenditure,Percentage of GDP,2012,6.276
Lithuania,Expenditure,Percentage of GDP,2011,6.488
Lithuania,Expenditure,Percentage of GDP,2010,6.815
Belgium,Expenditure,Percentage of GDP,1993,7.763
Belgium,Expenditure,Percentage of GDP,1992,7.639
Belgium,Expenditure,Percentage of GDP,2003,9.164
Belgium,Expenditure,Percentage of GDP,1995,7.519
Belgium,Expenditure,Percentage of GDP,1970,3.856
Belgium,Expenditure,Percentage of GDP,1986,7.054
Belgium,Expenditure,Percentage of GDP,1985,6.883
Belgium,Expenditure,Percentage of GDP,2012,10.503
United States,Expenditure,Percentage of GDP,1977,7.683
United States,Expenditure,Percentage of GDP,1976,7.435
United States,Expenditure,Percentage of GDP,1975,7.188
United States,Expenditure,Percentage of GDP,2011,16.14
United States,Expenditure,Percentage of GDP,1970,6.247
United States,Expenditure,Percentage of GDP,1986,9.689
United States,Expenditure,Percentage of GDP,1985,9.515
United States,Expenditure,Percentage of GDP,1984,9.291
United States,Expenditure,Percentage of GDP,1983,9.341
United States,Expenditure,Percentage of GDP,1982,9.212
United States,Expenditure,Percentage of GDP,1981,8.526
United States,Expenditure,Percentage of GDP,1980,8.241
United States,Expenditure,Percentage of GDP,1979,7.786
United States,Expenditure,Percentage of GDP,1978,7.656
United States,Expenditure,Percentage of GDP,2003,14.506
United States,Expenditure,Percentage of GDP,2002,13.995
United States,Expenditure,Percentage of GDP,2001,13.168
United States,Expenditure,Percentage of GDP,2000,12.49
United States,Expenditure,Percentage of GDP,1999,12.343
United States,Expenditure,Percentage of GDP,1998,12.357
United States,Expenditure,Percentage of GDP,1997,12.373
United States,Expenditure,Percentage of GDP,1996,12.467
United States,Expenditure,Percentage of GDP,1995,12.497
United States,Expenditure,Percentage of GDP,1994,12.388
United States,Expenditure,Percentage of GDP,1993,12.451
United States,Expenditure,Percentage of GDP,1992,12.194
United States,Expenditure,Percentage of GDP,1991,11.918
United States,Expenditure,Percentage of GDP,1990,11.239
United States,Expenditure,Percentage of GDP,1989,10.608
United States,Expenditure,Percentage of GDP,1988,10.251
United States,Expenditure,Percentage of GDP,2013,15.951
United States,Expenditure,Percentage of GDP,2012,16.12
United States,Expenditure,Percentage of GDP,1974,6.852
United States,Expenditure,Percentage of GDP,1973,6.531
United States,Expenditure,Percentage of GDP,1972,6.516
United States,Expenditure,Percentage of GDP,1971,6.382
United States,Expenditure,Percentage of GDP,1987,9.862
United States,Expenditure,Percentage of GDP,2022,16.496
United States,Expenditure,Percentage of GDP,2021,17.299
United States,Expenditure,Percentage of GDP,2020,18.582
United States,Expenditure,Percentage of GDP,2019,16.553
United States,Expenditure,Percentage of GDP,2018,16.516
United States,Expenditure,Percentage of GDP,2017,16.638
United States,Expenditure,Percentage of GDP,2016,16.693
United States,Expenditure,Percentage of GDP,2015,16.401
United States,Expenditure,Percentage of GDP,2014,16.141
United States,Expenditure,Percentage of GDP,2010,16.197
United States,Expenditure,Percentage of GDP,2009,16.201
United States,Expenditure,Percentage of GDP,2008,15.207
United States,Expenditure,Percentage of GDP,2007,14.918
United States,Expenditure,Percentage of GDP,2006,14.709
United States,Expenditure,Percentage of GDP,2005,14.579
United States,Expenditure,Percentage of GDP,2004,14.551
Brazil,Expenditure,Percentage of GDP,2018,9.465
Brazil,Expenditure,Percentage of GDP,2017,9.471
Brazil,Expenditure,Percentage of GDP,2015,8.909
Brazil,Expenditure,Percentage of GDP,2003,8.189
Brazil,Expenditure,Percentage of GDP,2012,7.736
Brazil,Expenditure,Percentage of GDP,2011,7.788
Brazil,Expenditure,Percentage of GDP,2010,7.945
Brazil,Expenditure,Percentage of GDP,2009,8.395
Brazil,Expenditure,Percentage of GDP,2008,8.011
Brazil,Expenditure,Percentage of GDP,2007,8.202
Brazil,Expenditure,Percentage of GDP,2006,8.25
